issue,issue_tags,url,title,source,frame,memo
AI 반도체,AI반도체;HBM;기술경쟁,https://n.news.naver.com/mnews/article/014/0005528673?sid=101,반도체 ·로보틱스 격전 예고… 글로벌 AI 기업 대만에 모인다,파이낸셜뉴스,산업_성장,"글로벌 AI 기업과 국내 대기업의 협력·기술 동맹 중심으로 다루며, 기업 성장·기술 경쟁력 입장 강조"
AI 반도체,AI반도체;HBM;기술경쟁,https://www.g-enews.com/view.php?ud=2026053109150323766ed0c62d49_1,"""엔비디아 요구 맞춘 곳은 삼성전자 가 유일""… HBM 4E로 드러난 기술 경쟁 ...",g-enews.com,산업_성장,"글로벌 AI 기업과 국내 대기업의 협력·기술 동맹 중심으로 다루며, 기업 성장·기술 경쟁력 입장 강조"
AI 반도체,AI반도체;HBM;기술경쟁,https://n.news.naver.com/mnews/article/011/0004626243?sid=101,"젠슨 황, 韓 4대그룹과 AI 칩·로봇 협력…주말까지 연쇄 ‘깐부회동’",서울경제,산업_성장,"글로벌 AI 기업과 국내 대기업의 협력·기술 동맹 중심으로 다루며, 기업 성장·기술 경쟁력 입장 강조"
AI 반도체,AI반도체;HBM;기술경쟁,https://www.asiatoday.co.kr/kn/view.php?key=20260601010009190,젠슨 황 방한에 재계 들썩… 연쇄회동 예고속 ' AI 동맹' 눈 쏠려,asiatoday.co.kr,산업_성장,"글로벌 AI 기업과 국내 대기업의 협력·기술 동맹 중심으로 다루며, 기업 성장·기술 경쟁력 입장 강조"
AI 반도체,AI반도체;HBM;기술경쟁,https://n.news.naver.com/mnews/article/014/0005528622?sid=101,AI 반도체 격전지 된 컴퓨텍스 이번 주 개막…IT거물 대만에 총집결한다,파이낸셜뉴스,산업_성장,"글로벌 AI 기업과 국내 대기업의 협력·기술 동맹 중심으로 다루며, 기업 성장·기술 경쟁력 입장 강조"
AI 반도체,AI반도체;HBM;기술경쟁,https://n.news.naver.com/mnews/article/011/0004626224?sid=101,"차량용 반도체 도 첫 정상… 삼성전자 , D램 왕좌 더 공고해졌다",서울경제,산업_성장,"HBM·메모리 기술 우위와 시장 주도권 확보 중심으로 다루며, 기업 성장·기술 경쟁력 입장 강조"
AI 반도체,AI반도체;HBM;기술경쟁,https://n.news.naver.com/mnews/article/009/0005687399?sid=105,실탄 채우는 中 첨단 굴기 … 美빅테크 추격,매일경제,산업_성장,"미·중 기술 경쟁 속 AI 반도체 패권 경쟁 중심으로 다루며, 기업 성장·기술 경쟁력 입장 강조"
AI 반도체,AI반도체;HBM;기술경쟁,https://n.news.naver.com/mnews/article/243/0000098496?sid=101,"한 달 새 44조 순매수에도…'삼전닉스' 개미들 수급전, 어디까지",이코노미스트,산업_성장,"반도체 대형주 중심의 증시 상승과 쏠림 현상 중심으로 다루며, 기업 성장·기술 경쟁력 입장 강조"
AI 반도체,AI반도체;HBM;기술경쟁,https://n.news.naver.com/mnews/article/658/0000145310?sid=101,"삼성전자 , 세계 최초 HBM 4E 12단 샘플 출하… 차세대 HBM 시장 주도권 선...",국제신문,산업_성장,"HBM·메모리 기술 우위와 시장 주도권 확보 중심으로 다루며, 기업 성장·기술 경쟁력 입장 강조"
AI 반도체,AI반도체;HBM;기술경쟁,https://n.news.naver.com/mnews/article/138/0002229436?sid=105,[컴퓨텍스 2026] 미리보기 ㊦ 거인들이 짜놓은 판… K- 반도체 ·디스플레...,디지털데일리,산업_성장,"글로벌 AI 기업과 국내 대기업의 협력·기술 동맹 중심으로 다루며, 기업 성장·기술 경쟁력 입장 강조"
AI 반도체,AI반도체;HBM;기술경쟁,https://n.news.naver.com/mnews/article/032/0003448952?sid=101,AI 기업 ‘큰 손’ 부상한 삼성 · SK …메모리 경쟁 력으로 AI 에이전트 주...,경향신문,산업_성장,"AI 반도체 산업 경쟁력과 성장 가능성 중심으로 다루며, 기업 성장·기술 경쟁력 입장 강조"
AI 반도체,AI반도체;HBM;기술경쟁,https://n.news.naver.com/mnews/article/018/0006294441?sid=101,"글로벌 IT 거물들, 타이베이에 집결…젠슨 황, K기업과 '만찬 회동'",이데일리,산업_성장,"글로벌 AI 기업과 국내 대기업의 협력·기술 동맹 중심으로 다루며, 기업 성장·기술 경쟁력 입장 강조"
AI 반도체,AI반도체;HBM;기술경쟁,https://n.news.naver.com/mnews/article/123/0002383919?sid=004,"삼성 · SK , 앤트로픽에 ‘조 단위 베팅’… AI 인프라 협력 확대",조세일보,산업_성장,"글로벌 AI 기업과 국내 대기업의 협력·기술 동맹 중심으로 다루며, 기업 성장·기술 경쟁력 입장 강조"
AI 반도체,AI반도체;HBM;기술경쟁,https://n.news.naver.com/mnews/article/031/0001031995?sid=105,[르포] 대만 AI 반도체 심장부 '신주과학단지'를 가다,아이뉴스24,산업_성장,"글로벌 AI 기업과 국내 대기업의 협력·기술 동맹 중심으로 다루며, 기업 성장·기술 경쟁력 입장 강조"
AI 반도체,AI반도체;HBM;기술경쟁,https://www.sisajournal-e.com/news/articleView.html?idxno=421426,'삼전닉스' 호황에도 가계는 냉기···소득 증가율 격차 확대,sisajournal-e.com,산업_성장,"반도체 대형주 중심의 증시 상승과 쏠림 현상 중심으로 다루며, 기업 성장·기술 경쟁력 입장 강조"
AI 반도체,AI반도체;증시;쏠림,https://www.ebn.co.kr/news/articleView.html?idxno=1710752,"[EBN 오늘(31일) 이슈 종합] 삼성전자, 마이크론 꺾고 첫 정상… '서명 ...",ebn.co.kr,성과_쏠림,"HBM·메모리 기술 우위와 시장 주도권 확보 중심으로 다루며, 대기업·증시 쏠림과 분배 불균형 문제 제기"
AI 반도체,AI반도체;증시;쏠림,http://www.metroseoul.co.kr/article/20260526500080,"[이제 1만 간다]① 팔천피의 힘… 반도체 ·정책이 밀어 올린 코스피, 짙어...",metroseoul.co.kr,성과_쏠림,"반도체 대형주 중심의 증시 상승과 쏠림 현상 중심으로 다루며, 대기업·증시 쏠림과 분배 불균형 문제 제기"
AI 반도체,AI반도체;증시;쏠림,http://www.newsian.co.kr/news/articleView.html?idxno=89890,"5대 금융지주 "" 반도체 호황에 성장률 뛰었지만 경기 온도차 여전""",newsian.co.kr,성과_쏠림,"AI 반도체 산업 경쟁력과 성장 가능성 중심으로 다루며, 대기업·증시 쏠림과 분배 불균형 문제 제기"
AI 반도체,AI반도체;증시;쏠림,https://www.hinews.co.kr/view.php?ud=202605181118327846cd8b879b3c_48,코스피는 웃는데 자영업자는 운다…실물경제와 따로 노는 한국 증시,hinews.co.kr,성과_쏠림,"반도체 대형주 중심의 증시 상승과 쏠림 현상 중심으로 다루며, 대기업·증시 쏠림과 분배 불균형 문제 제기"
AI 반도체,AI반도체;증시;쏠림,https://n.news.naver.com/mnews/article/082/0001380399?sid=110,"[김상훈의 포커스온] 증시 불장, 환호와 우려 사이",부산일보,성과_쏠림,"반도체 대형주 중심의 증시 상승과 쏠림 현상 중심으로 다루며, 대기업·증시 쏠림과 분배 불균형 문제 제기"
AI 반도체,AI반도체;증시;쏠림,https://n.news.naver.com/mnews/article/056/0012178560?sid=101,[성공예감] 증시 신고가의 딜레마…삼전닉스 PER 아직 싸다 - 김학균 전...,KBS,성과_쏠림,"반도체 대형주 중심의 증시 상승과 쏠림 현상 중심으로 다루며, 대기업·증시 쏠림과 분배 불균형 문제 제기"
AI 반도체,AI반도체;증시;쏠림,http://www.metroseoul.co.kr/article/20260507500214,[꿈의 칠천피]②불안의 그림자도 짙다… 반도체 쏠림 심해진 ‘코스피 7...,metroseoul.co.kr,성과_쏠림,"반도체 대형주 중심의 증시 상승과 쏠림 현상 중심으로 다루며, 대기업·증시 쏠림과 분배 불균형 문제 제기"
AI 반도체,AI반도체;증시;쏠림,https://www.etoday.co.kr/news/view/2581907,'코스피 7000' 넘어 날아가는데…종목 70% 하락 속 '대형주 쏠림 ' 심화[7...,etoday.co.kr,성과_쏠림,"반도체 대형주 중심의 증시 상승과 쏠림 현상 중심으로 다루며, 대기업·증시 쏠림과 분배 불균형 문제 제기"
AI 반도체,AI반도체;증시;쏠림,https://n.news.naver.com/mnews/article/011/0004617452?sid=101,한은 금리 인상 공식화…연내 기준금리 3% 전망,서울경제,성과_쏠림,"AI 반도체 산업 경쟁력과 성장 가능성 중심으로 다루며, 대기업·증시 쏠림과 분배 불균형 문제 제기"
AI 반도체,AI반도체;증시;쏠림,https://www.ebn.co.kr/news/articleView.html?idxno=1706284,[EBN 오늘(22일) 이슈 종합] 하림 등판에 판 뒤집혔다…익스프레스 매각...,ebn.co.kr,성과_쏠림,"AI 반도체 산업 경쟁력과 성장 가능성 중심으로 다루며, 대기업·증시 쏠림과 분배 불균형 문제 제기"
AI 반도체,AI반도체;증시;쏠림,https://n.news.naver.com/mnews/article/018/0006230501?sid=101,‘삼전·하이닉스 의존도 심화… 반도체 흔들리면 증시 도 가계 자산도 ’...,이데일리,성과_쏠림,"반도체 대형주 중심의 증시 상승과 쏠림 현상 중심으로 다루며, 대기업·증시 쏠림과 분배 불균형 문제 제기"
AI 반도체,AI반도체;증시;쏠림,https://n.news.naver.com/mnews/article/018/0006230494?sid=101,삼전·닉스 흔들리면… 증시 ·자산·환율 '휘청',이데일리,성과_쏠림,"반도체 대형주 중심의 증시 상승과 쏠림 현상 중심으로 다루며, 대기업·증시 쏠림과 분배 불균형 문제 제기"
AI 반도체,AI반도체;증시;쏠림,http://www.metroseoul.co.kr/article/20260305500574,메트로신문 3월 6일자 한줄 뉴스,metroseoul.co.kr,성과_쏠림,"AI 반도체 산업 경쟁력과 성장 가능성 중심으로 다루며, 대기업·증시 쏠림과 분배 불균형 문제 제기"
AI 반도체,AI반도체;증시;쏠림,https://biz.newdaily.co.kr/site/data/html/2026/02/25/2026022500461.html,반도체 환호 뒤 자영업 줄폐업·20대 신불자 … 일자리·자산·산업 전 ...,biz.newdaily.co.kr,성과_쏠림,"반도체 호황과 가계·자영업 체감경기 간 괴리 중심으로 다루며, 대기업·증시 쏠림과 분배 불균형 문제 제기"
최저임금,최저임금;노동자;생활임금,https://www.wikitree.co.kr/articles/1139105,직장인 62.3%가 원했다…내년 최저임금 최소 ‘이 액수’,wikitree.co.kr,노동자_생활,"최저임금 인상·적용 확대를 통한 노동자 생계 보장 중심으로 다루며, 노동자 생계 보장 입장 강조"
최저임금,최저임금;노동자;생활임금,https://n.news.naver.com/mnews/article/243/0000098484?sid=101,“주식이냐 부동산이냐” 금리 높아도 빚내서 베팅,이코노미스트,노동자_생활,"최저임금 결정 과정의 사회적 쟁점 중심으로 다루며, 노동자 생계 보장 입장 강조"
최저임금,최저임금;노동자;생활임금,https://newscham.net/articles/116458,"“지방선거 민생 과제는 최저임금 인상 ” 공공운수노조, 비정규직 임금 ...",newscham.net,노동자_생활,"최저임금 인상·적용 확대를 통한 노동자 생계 보장 중심으로 다루며, 노동자 생계 보장 입장 강조"
최저임금,최저임금;노동자;생활임금,https://www.labortoday.co.kr/news/articleView.html?idxno=234659,"지방선거 진짜 민생? "" 임금 불평등 해소""",labortoday.co.kr,노동자_생활,"최저임금 인상·적용 확대를 통한 노동자 생계 보장 중심으로 다루며, 노동자 생계 보장 입장 강조"
최저임금,최저임금;노동자;생활임금,http://worknworld.kctu.org/news/articleView.html?idxno=509334,"공공운수노조, 비정규직 차별 철폐 촉구 ""적정 임금 보장과 최저임금 대...",worknworld.kctu.org,노동자_생활,"최저임금 인상·적용 확대를 통한 노동자 생계 보장 중심으로 다루며, 노동자 생계 보장 입장 강조"
최저임금,최저임금;노동자;생활임금,https://newscham.net/articles/116453,"다시, ( 최저 ) 임금 을 생각한다",newscham.net,노동자_생활,"최저임금 결정 과정의 사회적 쟁점 중심으로 다루며, 노동자 생계 보장 입장 강조"
최저임금,최저임금;노동자;생활임금,http://news.inochong.org/detail.php?number=6469&thread=14,최저임금 적용 범위 확대의 필요성 : 도급제 노동자 등 확대 방안,news.inochong.org,노동자_생활,"최저임금 인상·적용 확대를 통한 노동자 생계 보장 중심으로 다루며, 노동자 생계 보장 입장 강조"
최저임금,최저임금;노동자;생활임금,https://n.news.naver.com/mnews/article/654/0000182535?sid=110,[사설] 최저임금 '지역별 차등제' 졸속 안된다,강원도민일보,노동자_생활,"업종별 차등 적용과 인건비 부담 완화 요구를 중심으로 다루며, 노동자 생계 보장 입장 강조"
최저임금,최저임금;노동자;생활임금,http://worknworld.kctu.org/news/articleView.html?idxno=509324,"민주노총, ""최임 전문위원회 도급 노동자 적용 심의 과정 유감""",worknworld.kctu.org,노동자_생활,"최저임금 인상·적용 확대를 통한 노동자 생계 보장 중심으로 다루며, 노동자 생계 보장 입장 강조"
최저임금,최저임금;노동자;생활임금,https://www.etoday.co.kr/news/view/2587952,"내년 최저임금 논의 본격화…노사, 구분적용·도급근로자 적용 충돌",etoday.co.kr,노동자_생활,"최저임금 인상·적용 확대를 통한 노동자 생계 보장 중심으로 다루며, 노동자 생계 보장 입장 강조"
최저임금,최저임금;노동자;생활임금,https://n.news.naver.com/mnews/article/417/0001144877?sid=101,최임위 2차 회의 '차등 지급 vs 도급 적용' 충돌…내달 4일 본격 논의,동행미디어 시대,노동자_생활,"최저임금 인상·적용 확대를 통한 노동자 생계 보장 중심으로 다루며, 노동자 생계 보장 입장 강조"
최저임금,최저임금;노동자;생활임금,https://n.news.naver.com/mnews/article/001/0016100464?sid=102,"내년 최저임금 2차심의…사용자 ""업종 구분"" 근로자 ""도급 적용""(종합)",연합뉴스,노동자_생활,"최저임금 인상·적용 확대를 통한 노동자 생계 보장 중심으로 다루며, 노동자 생계 보장 입장 강조"
최저임금,최저임금;노동자;생활임금,https://n.news.naver.com/mnews/article/003/0013968749?sid=102,"최임위, '월 환산액 표시' 결정…내달 4일 '도급근로자' 논의(종합)",뉴시스,노동자_생활,"최저임금 인상·적용 확대를 통한 노동자 생계 보장 중심으로 다루며, 노동자 생계 보장 입장 강조"
최저임금,최저임금;소상공인;기업부담,http://www.ifs.or.kr/bbs/board.php?bo_table=News&wr_id=55783,새로운 60년을 대비한 Korea Reset 전략 <33> 한국경제의 역돌출부(Revers...,ifs.or.kr,경영계_부담,"최저임금 결정 과정의 사회적 쟁점 중심으로 다루며, 소상공인·중소기업 부담 및 경영계 입장 강조"
최저임금,최저임금;소상공인;기업부담,https://www.ilyoseoul.co.kr/news/articleView.html?idxno=517801,[펙트체크] 최저임금 인상 이 청년 실업과 물가 상승에 영향 끼친다… 사...,ilyoseoul.co.kr,경영계_부담,"업종별 차등 적용과 인건비 부담 완화 요구를 중심으로 다루며, 소상공인·중소기업 부담 및 경영계 입장 강조"
최저임금,최저임금;소상공인;기업부담,https://www.mhns.co.kr/news/articleView.html?idxno=748462,최저임금 2차 회의 격돌…구분적용 vs 확대 '팽팽',mhns.co.kr,경영계_부담,"최저임금 인상·적용 확대를 통한 노동자 생계 보장 중심으로 다루며, 소상공인·중소기업 부담 및 경영계 입장 강조"
최저임금,최저임금;소상공인;기업부담,https://www.jbnews.com/news/articleView.html?idxno=1504847,내년도 최저임금 논의 본격화… 삼성전자 성과급 거론,jbnews.com,경영계_부담,"대기업 성과급과 저임금 노동자 임금 격차 문제를 중심으로 다루며, 소상공인·중소기업 부담 및 경영계 입장 강조"
최저임금,최저임금;소상공인;기업부담,https://www.newsgn.com/news/articleView.html?idxno=554133,"최저임금 의 딜레마, 노동 보호와 기업 생존의 균형",newsgn.com,경영계_부담,"업종별 차등 적용과 인건비 부담 완화 요구를 중심으로 다루며, 소상공인·중소기업 부담 및 경영계 입장 강조"
최저임금,최저임금;소상공인;기업부담,https://n.news.naver.com/mnews/article/021/0002793812?sid=101,고액 성과급 후폭풍…노동계 “ 최저임금 도 대폭 올려야”,문화일보,경영계_부담,"최저임금 인상·적용 확대를 통한 노동자 생계 보장 중심으로 다루며, 소상공인·중소기업 부담 및 경영계 입장 강조"
최저임금,최저임금;소상공인;기업부담,https://www.youthdaily.co.kr/news/article.html?no=219733,"최저임금 위 2차 회의 개최…노사, 업종별 차등·플랫폼 노동 '충돌'",youthdaily.co.kr,경영계_부담,"업종별 차등 적용과 인건비 부담 완화 요구를 중심으로 다루며, 소상공인·중소기업 부담 및 경영계 입장 강조"
최저임금,최저임금;소상공인;기업부담,https://www.labortoday.co.kr/news/articleView.html?idxno=234611,"내년 최저임금 본격 심의, 인상 률·적용범위 '줄다리기'",labortoday.co.kr,경영계_부담,"노동계 인상 요구와 경영계 부담 우려의 대립 중심으로 다루며, 소상공인·중소기업 부담 및 경영계 입장 강조"
최저임금,최저임금;소상공인;기업부담,https://n.news.naver.com/mnews/article/421/0008967579?sid=101,"정부, 3년 만에 플랫폼 노동 실태조사… 최저임금 확대 '노사 공방' 재점...",뉴스1,경영계_부담,"최저임금 인상·적용 확대를 통한 노동자 생계 보장 중심으로 다루며, 소상공인·중소기업 부담 및 경영계 입장 강조"
최저임금,최저임금;소상공인;기업부담,https://n.news.naver.com/mnews/article/022/0004130933?sid=102,[정책돋보기] 동네 분만병원 전문의 권역모자의료센터 시간제 근무 허용...,세계일보,경영계_부담,"최저임금 결정 과정의 사회적 쟁점 중심으로 다루며, 소상공인·중소기업 부담 및 경영계 입장 강조"
최저임금,최저임금;소상공인;기업부담,https://n.news.naver.com/mnews/article/020/0003722364?sid=101,"삼성 성과급, 최저임금 에 영향?…노동계 “소득 격차 심화” 목청",동아일보,경영계_부담,"최저임금 인상·적용 확대를 통한 노동자 생계 보장 중심으로 다루며, 소상공인·중소기업 부담 및 경영계 입장 강조"
최저임금,최저임금;소상공인;기업부담,https://n.news.naver.com/mnews/article/008/0005363078?sid=101,"최저임금 2차 회의…노동계 ""대폭 인상 "" vs 경영계 ""업종별 구분""",머니투데이,경영계_부담,"최저임금 인상·적용 확대를 통한 노동자 생계 보장 중심으로 다루며, 소상공인·중소기업 부담 및 경영계 입장 강조"
부동산 금리,부동산;금리;주택시장,https://n.news.naver.com/mnews/article/001/0016109309?sid=101,[이재명정부 1년] ⑥ 코스피 8천시대 개막… 부동산 ·환율은 아직 숙제로,연합뉴스,시장_회복,"금리와 부동산 시장 흐름의 상호작용 중심으로 다루며, 부동산 시장 회복·정상화 입장 강조"
부동산 금리,부동산;금리;주택시장,https://www.newdaily.co.kr/site/data/html/2026/05/29/2026052900190.html,"한국은행은 브레이크, 국민연금은 액셀 … 외발자전거의 묘기 [데스크칼...",newdaily.co.kr,시장_회복,"금리와 부동산 시장 흐름의 상호작용 중심으로 다루며, 부동산 시장 회복·정상화 입장 강조"
부동산 금리,부동산;금리;주택시장,https://www.thepublic.kr/news/articleView.html?idxno=305868,"한은, 기준금리 2.5% '8연속 동결'...중동 불확실성 속 긴축 신호 주목",thepublic.kr,시장_회복,"기준금리 방향이 주택시장과 대출 여건에 미치는 영향 중심으로 다루며, 부동산 시장 회복·정상화 입장 강조"
부동산 금리,부동산;금리;주택시장,https://www.startuptoday.co.kr/news/articleView.html?idxno=802181,[포커스] 8번째 금리 동결에도 달라진 한은 기류…'인하'보다 '긴축' 무...,startuptoday.co.kr,시장_회복,"기준금리 방향이 주택시장과 대출 여건에 미치는 영향 중심으로 다루며, 부동산 시장 회복·정상화 입장 강조"
부동산 금리,부동산;금리;주택시장,https://www.kukinews.com/article/view/kuk202605280045,"한은, 기준금리 2.50% 동결...물가·성장률 전망은 상향",kukinews.com,시장_회복,"기준금리 방향이 주택시장과 대출 여건에 미치는 영향 중심으로 다루며, 부동산 시장 회복·정상화 입장 강조"
부동산 금리,부동산;금리;주택시장,https://n.news.naver.com/mnews/article/277/0005768858?sid=101,'매파적 동결' 후 금리 인상 강력 시사…올해 성장률 2.6%·물가 2.7% 전망...,아시아경제,시장_회복,"기준금리 방향이 주택시장과 대출 여건에 미치는 영향 중심으로 다루며, 부동산 시장 회복·정상화 입장 강조"
부동산 금리,부동산;금리;주택시장,https://www.smartbizn.com/news/articleView.html?idxno=144887,중동 변수에 기준금리 2.5% 동결···성장률은 2.6%로 대폭 상향,smartbizn.com,시장_회복,"기준금리 방향이 주택시장과 대출 여건에 미치는 영향 중심으로 다루며, 부동산 시장 회복·정상화 입장 강조"
부동산 금리,부동산;금리;주택시장,https://www.polinews.co.kr/news/articleView.html?idxno=732401,"한은, 기준금리 2.5% 동결...신현송 체제 첫 금통위서 '긴축 신호' 주목",polinews.co.kr,시장_회복,"기준금리 방향이 주택시장과 대출 여건에 미치는 영향 중심으로 다루며, 부동산 시장 회복·정상화 입장 강조"
부동산 금리,부동산;금리;주택시장,https://www.newsquest.co.kr/news/articleView.html?idxno=266951,"한은, 기준금리 8연속 동결…물가 압박에 '인상' 깜빡이",newsquest.co.kr,시장_회복,"기준금리 방향이 주택시장과 대출 여건에 미치는 영향 중심으로 다루며, 부동산 시장 회복·정상화 입장 강조"
부동산 금리,부동산;금리;주택시장,https://www.youthdaily.co.kr/news/article.html?no=219829,"기준금리 연 2.50% 동결…한은, 중동 리스크 속 '긴축 전환' 신호 강화",youthdaily.co.kr,시장_회복,"기준금리 방향이 주택시장과 대출 여건에 미치는 영향 중심으로 다루며, 부동산 시장 회복·정상화 입장 강조"
부동산 금리,부동산;금리;주택시장,https://n.news.naver.com/mnews/article/088/0001011975?sid=101,"한은, 기준금리 8연속 동결…연 2.50%",매일신문,시장_회복,"기준금리 방향이 주택시장과 대출 여건에 미치는 영향 중심으로 다루며, 부동산 시장 회복·정상화 입장 강조"
부동산 금리,부동산;금리;주택시장,https://www.hidomin.com/news/articleView.html?idxno=707100,"한은, 기준금리 연 2.50% 또 동결…커지는 금리 인상 압박",hidomin.com,시장_회복,"기준금리 방향이 주택시장과 대출 여건에 미치는 영향 중심으로 다루며, 부동산 시장 회복·정상화 입장 강조"
부동산 금리,부동산;금리;주택시장,https://n.news.naver.com/mnews/article/029/0003028868?sid=101,"한은, 성장률 2.0%→2.6%…삼전·SK하닉이 끌어 올렸다",디지털타임스,시장_회복,"기준금리 방향이 주택시장과 대출 여건에 미치는 영향 중심으로 다루며, 부동산 시장 회복·정상화 입장 강조"
부동산 금리,부동산;금리;주택시장,http://www.srtimes.kr/news/articleView.html?idxno=204026,서울 아파트 '초양극화' 뚜렷…동대문·강남 뛰고 종로 뒷걸음질,srtimes.kr,시장_회복,"주택 가격·거래 회복과 공급 불안 중심으로 다루며, 부동산 시장 회복·정상화 입장 강조"
부동산 금리,부동산;금리;주택시장,https://www.ajunews.com/view/20260526112802455,"[박용준의 어부바] 오세훈·박원순 20년, 서울 아파트 누가 지었나",ajunews.com,시장_회복,"주택 가격·거래 회복과 공급 불안 중심으로 다루며, 부동산 시장 회복·정상화 입장 강조"
부동산 금리,부동산;가계부채;주거불안,https://www.newspim.com/news/view/20260528000824,"[AI로 본 부동산 ] 李정부 1년, 집값 오름폭 줄었지만 공급 불안 여전",newspim.com,주거_불안,"주택 가격·거래 회복과 공급 불안 중심으로 다루며, 가계부채·주거비 부담 등 주거 불안 입장 강조"
부동산 금리,부동산;가계부채;주거불안,https://www.dkilbo.com/news/articleView.html?idxno=545301,[구자문 칼럼] 미국과 한국의 경제동향 요약,dkilbo.com,주거_불안,"금리와 부동산 시장 흐름의 상호작용 중심으로 다루며, 가계부채·주거비 부담 등 주거 불안 입장 강조"
부동산 금리,부동산;가계부채;주거불안,https://www.ziksir.com/news/articleView.html?idxno=134915,[손성은 직썰] 정부 포용·생산적 금융에 '내 집 마련' 계획은 없다,ziksir.com,주거_불안,"금리와 부동산 시장 흐름의 상호작용 중심으로 다루며, 가계부채·주거비 부담 등 주거 불안 입장 강조"
부동산 금리,부동산;가계부채;주거불안,http://monthly.chosun.com/client/news/viw.asp?ctcd=A&nNewsNumb=202606100040,"역대 정부 부동산 정책은 왜 ‘반복 실패’했나? | 규제 의 역설, 냉탕과...",monthly.chosun.com,주거_불안,"주택 가격·거래 회복과 공급 불안 중심으로 다루며, 가계부채·주거비 부담 등 주거 불안 입장 강조"
부동산 금리,부동산;가계부채;주거불안,https://www.bigtanews.co.kr/article/view/big202605250003,<이원호의 경제톡> 왜 가계부채 는 늘어날까,bigtanews.co.kr,주거_불안,"주택 구매 부담과 가계부채 확대 위험 중심으로 다루며, 가계부채·주거비 부담 등 주거 불안 입장 강조"
부동산 금리,부동산;가계부채;주거불안,https://www.ajunews.com/view/20260520150441798,"[오늘의 ABC 뉴스룸] ""전세 살 바엔 집 삽니다"" 서울 생애 첫 주택 매수...",ajunews.com,주거_불안,"주택 가격·거래 회복과 공급 불안 중심으로 다루며, 가계부채·주거비 부담 등 주거 불안 입장 강조"
부동산 금리,부동산;가계부채;주거불안,https://www.yeongnam.com/web/view.php?key=20260519028340307,"[경제대기획-HOUSE③] 경고등 켜진 대구 가계부채 …집, 무거운 빚의 굴레...",yeongnam.com,주거_불안,"주택 구매 부담과 가계부채 확대 위험 중심으로 다루며, 가계부채·주거비 부담 등 주거 불안 입장 강조"
부동산 금리,부동산;가계부채;주거불안,https://n.news.naver.com/mnews/article/052/0002352851?sid=101,"""서울 아파트값 '천장' 이미 뚫렸다, 내년 하반기 평균 20억대 시대""",YTN,주거_불안,"주택 가격·거래 회복과 공급 불안 중심으로 다루며, 가계부채·주거비 부담 등 주거 불안 입장 강조"
부동산 금리,부동산;가계부채;주거불안,https://www.seoulfn.com/news/articleView.html?idxno=628222,서울 집 절반 넘게 30대가 샀다···청년 빚도 역대급,seoulfn.com,주거_불안,"주택 구매 부담과 가계부채 확대 위험 중심으로 다루며, 가계부채·주거비 부담 등 주거 불안 입장 강조"
부동산 금리,부동산;가계부채;주거불안,http://www.sisacast.kr/news/articleView.html?idxno=95589,"[ 부동산 트렌드] 2026년 주택시장, 정부 정책에 따라 초양극화 진정세 접...",sisacast.kr,주거_불안,"주택 가격·거래 회복과 공급 불안 중심으로 다루며, 가계부채·주거비 부담 등 주거 불안 입장 강조"
부동산 금리,부동산;가계부채;주거불안,https://n.news.naver.com/mnews/article/421/0008926550?sid=101,"""집값 향방, 결국 정책에 달렸다""…KB ""올해 상승폭 제한적""",뉴스1,주거_불안,"주택 가격·거래 회복과 공급 불안 중심으로 다루며, 가계부채·주거비 부담 등 주거 불안 입장 강조"
부동산 금리,부동산;가계부채;주거불안,https://n.news.naver.com/mnews/article/015/0005277956?sid=101,부동산 과 금융의 절연이라는 위험한 꿈 [더 머니이스트-심형석의 부동산 ...,한국경제,주거_불안,"금리와 부동산 시장 흐름의 상호작용 중심으로 다루며, 가계부채·주거비 부담 등 주거 불안 입장 강조"
부동산 금리,부동산;가계부채;주거불안,https://www.womaneconomy.co.kr/news/articleView.html?idxno=252602,선거 앞두고 '경제 위기론' 키우는 야권···실제 지표는 둔화·안정 가...,womaneconomy.co.kr,주거_불안,"금리와 부동산 시장 흐름의 상호작용 중심으로 다루며, 가계부채·주거비 부담 등 주거 불안 입장 강조"
부동산 금리,부동산;가계부채;주거불안,https://www.ajunews.com/view/20260412065034806,[춤추는 정책 대출 ] 오락가락 정책에…집값· 가계부채 '이중 부담',ajunews.com,주거_불안,"주택 가격·거래 회복과 공급 불안 중심으로 다루며, 가계부채·주거비 부담 등 주거 불안 입장 강조"
부동산 금리,부동산;가계부채;주거불안,https://n.news.naver.com/mnews/article/353/0000055124?sid=102,5월 이후 집값?…전문가 64% “3% 이상 오를 것”,중앙SUNDAY,주거_불안,"주택 가격·거래 회복과 공급 불안 중심으로 다루며, 가계부채·주거비 부담 등 주거 불안 입장 강조"
에너지 전환,에너지전환;재생에너지;탄소중립,https://www.mhns.co.kr/news/articleView.html?idxno=748883,"정인화 광양시장 후보, 시민 40만원 지원·미래산업 육성 공약",mhns.co.kr,탈탄소_전환,"에너지 전환을 둘러싼 지역 공약과 재정 논란 중심으로 다루며, 재생에너지·탄소중립 전환 입장 강조"
에너지 전환,에너지전환;재생에너지;탄소중립,https://www.g-enews.com/view.php?ud=202605291540294426a9fc143920_1,"도심형 친환경 에너지 전환 가속… 한국수자원공사, 성수동 복합시설에...",g-enews.com,탈탄소_전환,"재생에너지 확대와 탄소중립 전환 필요성 중심으로 다루며, 재생에너지·탄소중립 전환 입장 강조"
에너지 전환,에너지전환;재생에너지;탄소중립,https://www.namdonews.com/news/articleView.html?idxno=912136,[통합특별시 발전전략은] ⑧·完 환경안전 분야: 홍수·가뭄·산불 따로...,namdonews.com,탈탄소_전환,"에너지 전환 정책의 방향과 실행 조건 중심으로 다루며, 재생에너지·탄소중립 전환 입장 강조"
에너지 전환,에너지전환;재생에너지;탄소중립,https://www.jemin.com/news/articleView.html?idxno=838253,제주 경기 회복 필요성 공감…방향은 제각각,jemin.com,탈탄소_전환,"에너지 전환 정책의 방향과 실행 조건 중심으로 다루며, 재생에너지·탄소중립 전환 입장 강조"
에너지 전환,에너지전환;재생에너지;탄소중립,https://www.asiatoday.co.kr/kn/view.php?key=20260531010009082,"수열 에너지 , 탄소중립 新대안으로 부상…""사시사철 24시간 공급 가능""",asiatoday.co.kr,탈탄소_전환,"재생에너지 확대와 탄소중립 전환 필요성 중심으로 다루며, 재생에너지·탄소중립 전환 입장 강조"
에너지 전환,에너지전환;재생에너지;탄소중립,https://www.asiatoday.co.kr/kn/view.php?key=20260531010009140,"""중동발 에너지 위기 속 교훈, 재생 e 중심 전기국가 거듭나야""",asiatoday.co.kr,탈탄소_전환,"재생에너지 확대와 탄소중립 전환 필요성 중심으로 다루며, 재생에너지·탄소중립 전환 입장 강조"
에너지 전환,에너지전환;재생에너지;탄소중립,https://kpenews.com/View.aspx?No=4096707,"정인화 ""민생지원금 1인당 40만원 지급"" 전격 발표..광양대 전환 프로젝...",kpenews.com,탈탄소_전환,"에너지 전환을 둘러싼 지역 공약과 재정 논란 중심으로 다루며, 재생에너지·탄소중립 전환 입장 강조"
에너지 전환,에너지전환;재생에너지;탄소중립,https://n.news.naver.com/mnews/article/022/0004131876?sid=162,"정인화 광양시장 후보, ‘1인당 민생지원금 40만원’ 지급 공약 전격 발...",세계일보,탈탄소_전환,"에너지 전환을 둘러싼 지역 공약과 재정 논란 중심으로 다루며, 재생에너지·탄소중립 전환 입장 강조"
에너지 전환,에너지전환;재생에너지;탄소중립,https://www.hidomin.com/news/articleView.html?idxno=707464,"'탈원전 인사' 양이원영 한수원 이사 추진 논란…원자력계 ""정책 신뢰 훼...",hidomin.com,탈탄소_전환,"원전 활용과 에너지 전환 속도 조절 중심으로 다루며, 재생에너지·탄소중립 전환 입장 강조"
에너지 전환,에너지전환;재생에너지;탄소중립,https://www.viva100.com/article/20260531500389,"[현장] 경동나비엔, 제주에 히트펌프 거점 구축⋯ “정부 보급 목표 30%...",viva100.com,탈탄소_전환,"재생에너지 확대와 탄소중립 전환 필요성 중심으로 다루며, 재생에너지·탄소중립 전환 입장 강조"
에너지 전환,에너지전환;재생에너지;탄소중립,https://n.news.naver.com/mnews/article/016/0002650266?sid=102,광양시장 정인화 후보 “민생지원금 1인당 40만원 지급”,헤럴드경제,탈탄소_전환,"에너지 전환을 둘러싼 지역 공약과 재정 논란 중심으로 다루며, 재생에너지·탄소중립 전환 입장 강조"
에너지 전환,에너지전환;재생에너지;탄소중립,https://n.news.naver.com/mnews/article/088/0001012362?sid=102,[경북 원전 르네상스 시대를 연다] ① 왜 다시 원전인가,매일신문,탈탄소_전환,"원전 활용과 에너지 전환 속도 조절 중심으로 다루며, 재생에너지·탄소중립 전환 입장 강조"
에너지 전환,에너지전환;재생에너지;탄소중립,https://n.news.naver.com/mnews/article/081/0003648300?sid=100,"정인화 광양시장 후보, ‘시민 1인당 민생지원금 40만원 지급’ 공약 발...",서울신문,탈탄소_전환,"에너지 전환을 둘러싼 지역 공약과 재정 논란 중심으로 다루며, 재생에너지·탄소중립 전환 입장 강조"
에너지 전환,에너지전환;재생에너지;탄소중립,https://daily.hankooki.com/news/articleView.html?idxno=1372197,"에너지전환 ·동반성장·안전관리…""중부발전은 경영혁신 중""",daily.hankooki.com,탈탄소_전환,"에너지 전환 정책의 방향과 실행 조건 중심으로 다루며, 재생에너지·탄소중립 전환 입장 강조"
에너지 전환,에너지전환;재생에너지;탄소중립,http://www.metroseoul.co.kr/article/20260531500152,"중부발전-세종시설공단, 탄소중립 실현 '맞손'… 유휴부지 활용 태양광...",metroseoul.co.kr,탈탄소_전환,"재생에너지 확대와 탄소중립 전환 필요성 중심으로 다루며, 재생에너지·탄소중립 전환 입장 강조"
에너지 전환,에너지전환;원전;전력안정,https://www.ekn.kr/web/view.php?key=20260529027547917,[기후 신호등] 미국-이란 전쟁 3개월…‘화석연료 시대’ 균열 본격화,ekn.kr,전력_안정,"에너지 전환 정책의 방향과 실행 조건 중심으로 다루며, 원전·전력망 안정성과 속도 조절 입장 강조"
에너지 전환,에너지전환;원전;전력안정,https://n.news.naver.com/mnews/article/024/0000105904?sid=101,K 전력 승부처는 ‘ 전력망 패키지’,매경이코노미,전력_안정,"전력망 안정성과 에너지 안보 확보 중심으로 다루며, 원전·전력망 안정성과 속도 조절 입장 강조"
에너지 전환,에너지전환;원전;전력안정,https://n.news.naver.com/mnews/article/023/0003979356?sid=101,“발전소 지어 月 50만원 준다”... 막 던지는 ‘ 에너지 연금’ 공약,조선일보,전력_안정,"에너지 전환을 둘러싼 지역 공약과 재정 논란 중심으로 다루며, 원전·전력망 안정성과 속도 조절 입장 강조"
에너지 전환,에너지전환;원전;전력안정,https://www.enetnews.co.kr/news/articleView.html?idxno=50646,"한수원, 신한울4호기 콘크리트 타설 시작···2033년 준공 목표",enetnews.co.kr,전력_안정,"원전 활용과 에너지 전환 속도 조절 중심으로 다루며, 원전·전력망 안정성과 속도 조절 입장 강조"
에너지 전환,에너지전환;원전;전력안정,https://n.news.naver.com/mnews/article/119/0003095898?sid=101,[이재명 정부 1년] 기후 에너지 부 신설… 재생에너지 정책 현실성 '우려',데일리안,전력_안정,"재생에너지 확대와 탄소중립 전환 필요성 중심으로 다루며, 원전·전력망 안정성과 속도 조절 입장 강조"
에너지 전환,에너지전환;원전;전력안정,https://www.electimes.com/news/articleView.html?idxno=368551,(월요기획)슈퍼사이클 맞은 전력 기자재…국내 수요 위기 온다,electimes.com,전력_안정,"전력망 안정성과 에너지 안보 확보 중심으로 다루며, 원전·전력망 안정성과 속도 조절 입장 강조"
에너지 전환,에너지전환;원전;전력안정,http://www.ftoday.co.kr/news/articleView.html?idxno=359659,[FT 창간 21주년 특집⑬] 넥스트 코리아 : 에너지 산업,ftoday.co.kr,전력_안정,"에너지 전환 정책의 방향과 실행 조건 중심으로 다루며, 원전·전력망 안정성과 속도 조절 입장 강조"
에너지 전환,에너지전환;원전;전력안정,https://www.g-enews.com/view.php?ud=20260529055035321fbbec65dfb_1,"""칩 있어도 못 켠다""… AI 패권 흔드는 ' 전력망 대란'",g-enews.com,전력_안정,"전력망 안정성과 에너지 안보 확보 중심으로 다루며, 원전·전력망 안정성과 속도 조절 입장 강조"
에너지 전환,에너지전환;원전;전력안정,https://www.electimes.com/news/articleView.html?idxno=368495,[창간62주년 지상좌담회] 중동발 에너지 충격…韓·中·日 탄소중립 경...,electimes.com,전력_안정,"재생에너지 확대와 탄소중립 전환 필요성 중심으로 다루며, 원전·전력망 안정성과 속도 조절 입장 강조"
에너지 전환,에너지전환;원전;전력안정,https://n.news.naver.com/mnews/article/032/0003448077?sid=110,"[논설위원의 단도직입]“한전, 혁신 주도 못해… 재생에너지 늘리려면 전...",경향신문,전력_안정,"재생에너지 확대와 탄소중립 전환 필요성 중심으로 다루며, 원전·전력망 안정성과 속도 조절 입장 강조"
에너지 전환,에너지전환;원전;전력안정,https://www.naeil.com/news/read/589792?ref=naver,주말·공휴일 낮 태양광발전이 절반,naeil.com,전력_안정,"재생에너지 확대와 탄소중립 전환 필요성 중심으로 다루며, 원전·전력망 안정성과 속도 조절 입장 강조"
에너지 전환,에너지전환;원전;전력안정,https://www.ekn.kr/web/view.php?key=20260522024474134,‘태양과 바람’ 전력 시장의 주인이 되다…2040년 재생에너지 성장 지...,ekn.kr,전력_안정,"재생에너지 확대와 탄소중립 전환 필요성 중심으로 다루며, 원전·전력망 안정성과 속도 조절 입장 강조"
에너지 전환,에너지전환;원전;전력안정,https://n.news.naver.com/mnews/article/023/0003978135?sid=101,"에너지 시스템 경쟁력, 특정 전원이 아니라 구조에서 결정",조선일보,전력_안정,"에너지 전환 정책의 방향과 실행 조건 중심으로 다루며, 원전·전력망 안정성과 속도 조절 입장 강조"
에너지 전환,에너지전환;원전;전력안정,http://www.e-platform.net/news/articleView.html?idxno=102472,"'AI·탄소중립· 에너지 안보' 파고 해소, 12차 전기본에 신규 원전 반영...",e-platform.net,전력_안정,"재생에너지 확대와 탄소중립 전환 필요성 중심으로 다루며, 원전·전력망 안정성과 속도 조절 입장 강조"
에너지 전환,에너지전환;원전;전력안정,https://www.pointdaily.co.kr/news/articleView.html?idxno=305873,"전쟁이 일깨운 에너지 안보…""전원 다변화가 구조적 해법""",pointdaily.co.kr,전력_안정,"전력망 안정성과 에너지 안보 확보 중심으로 다루며, 원전·전력망 안정성과 속도 조절 입장 강조"
AI 규제,AI기본법;안전;투명성,https://www.newsworks.co.kr/news/articleView.html?idxno=841444,"농어업인까지 AI 취약계층에 포함…""공공조달 면책 조항 우려""",newsworks.co.kr,안전_규제,"AI 안전성·책임성 확보와 규제 사각지대 해소 중심으로 다루며, AI 안전·투명성·책임성 확보 입장 강조"
AI 규제,AI기본법;안전;투명성,https://n.news.naver.com/mnews/article/009/0005683028?sid=102,‘GG’인가 ‘New Game’인가… AI 기본법 앞의 한국 게임산업 [BKL 게임&비...,매일경제,안전_규제,"AI 기본법 적용 범위와 산업별 규제 불확실성 중심으로 다루며, AI 안전·투명성·책임성 확보 입장 강조"
AI 규제,AI기본법;안전;투명성,https://n.news.naver.com/mnews/article/001/0016088160?sid=102,"[ AI 픽] AI 가 현실 공간 움직이는 시대…""일자리·보안 새 판 짜야""",연합뉴스,안전_규제,"AI 안전성·책임성 확보와 규제 사각지대 해소 중심으로 다루며, AI 안전·투명성·책임성 확보 입장 강조"
AI 규제,AI기본법;안전;투명성,https://n.news.naver.com/mnews/article/030/0003427939?sid=101,"신종철 연세대 객원교수, '인공지능 기본법 ' 출간",전자신문,안전_규제,"AI 기본법과 규제 체계의 사회적 영향 중심으로 다루며, AI 안전·투명성·책임성 확보 입장 강조"
AI 규제,AI기본법;안전;투명성,https://n.news.naver.com/mnews/article/138/0002227594?sid=105,"고학수 전 개보위원장 "" AI 챗봇 축적 정보, 새로운 규제 사각지대""",디지털데일리,안전_규제,"AI 기본법과 규제 체계의 사회적 영향 중심으로 다루며, AI 안전·투명성·책임성 확보 입장 강조"
AI 규제,AI기본법;안전;투명성,http://www.docdocdoc.co.kr/news/articleView.html?idxno=3039108,[칼럼] AI 시대의 경고…병원이 놓치기 쉬운 법적 책임,docdocdoc.co.kr,안전_규제,"AI 안전성·책임성 확보와 규제 사각지대 해소 중심으로 다루며, AI 안전·투명성·책임성 확보 입장 강조"
AI 규제,AI기본법;안전;투명성,https://www.hdhy.co.kr/news/articleView.html?idxno=34355,디지털화·자동화를 넘어 AX로,hdhy.co.kr,안전_규제,"AI 기본법과 규제 체계의 사회적 영향 중심으로 다루며, AI 안전·투명성·책임성 확보 입장 강조"
AI 규제,AI기본법;안전;투명성,https://n.news.naver.com/mnews/article/001/0016065361?sid=105,"[K-VIBE] 임기범의 AI 혁신 스토리…美 AI 사전검증제 논의, 한국의 과제...",연합뉴스,안전_규제,"AI 안전성·책임성 확보와 규제 사각지대 해소 중심으로 다루며, AI 안전·투명성·책임성 확보 입장 강조"
AI 규제,AI기본법;안전;투명성,https://www.ekoreanews.co.kr/news/articleView.html?idxno=85855,"트럼프 행정부, AI 새 모델 사전 모니터링 확대",ekoreanews.co.kr,안전_규제,"AI 안전성·책임성 확보와 규제 사각지대 해소 중심으로 다루며, AI 안전·투명성·책임성 확보 입장 강조"
AI 규제,AI기본법;안전;투명성,https://www.g-enews.com/view.php?ud=202605061202291765a9fc143920_1,""" AI 법 시행됐나요?""… 기업 94% '깜깜이' 대응, 현장은 규제 공백 상태",g-enews.com,안전_규제,"AI 규제가 스타트업·기업 혁신에 주는 부담 중심으로 다루며, AI 안전·투명성·책임성 확보 입장 강조"
AI 규제,AI기본법;안전;투명성,https://www.enetnews.co.kr/news/articleView.html?idxno=49641,AI 기본법 모르는 기업 94.6%···전담 조직 18.8% 그쳐,enetnews.co.kr,안전_규제,"AI 규제가 스타트업·기업 혁신에 주는 부담 중심으로 다루며, AI 안전·투명성·책임성 확보 입장 강조"
AI 규제,AI기본법;안전;투명성,https://n.news.naver.com/mnews/article/092/0002421244?sid=105,"기업 94.6%, AI 기본법 ‘내용 몰라’…법 시행에도 현장 대응 미흡",지디넷코리아,안전_규제,"AI 규제가 스타트업·기업 혁신에 주는 부담 중심으로 다루며, AI 안전·투명성·책임성 확보 입장 강조"
AI 규제,AI기본법;안전;투명성,https://n.news.naver.com/mnews/article/082/0001378989?sid=101,"국내 기업 94.6%, 올해 시행 AI 기본법 ‘사실·내용 모른다’",부산일보,안전_규제,"AI 규제가 스타트업·기업 혁신에 주는 부담 중심으로 다루며, AI 안전·투명성·책임성 확보 입장 강조"
AI 규제,AI기본법;안전;투명성,http://www.dailysmart.co.kr/news/articleView.html?idxno=123567,"표준협회 ""기업 94.6% ' AI 기본법 ' 이해 부족…대응은 초기 단계""",dailysmart.co.kr,안전_규제,"AI 규제가 스타트업·기업 혁신에 주는 부담 중심으로 다루며, AI 안전·투명성·책임성 확보 입장 강조"
AI 규제,AI기본법;안전;투명성,https://www.asiatime.co.kr/article/20260504500023,"표준협회 ""기업 10곳 중 9곳, AI 기본법 내용 몰라""",asiatime.co.kr,안전_규제,"AI 규제가 스타트업·기업 혁신에 주는 부담 중심으로 다루며, AI 안전·투명성·책임성 확보 입장 강조"
AI 규제,AI기본법;스타트업;규제부담,https://www.businesspost.co.kr/BP?command=article_view&num=436351,[Who Is ?] 강훈식 대통령 비서실장,businesspost.co.kr,혁신_위축,"AI 기본법과 규제 체계의 사회적 영향 중심으로 다루며, 규제 부담 완화와 산업 혁신 입장 강조"
AI 규제,AI기본법;스타트업;규제부담,http://www.ilemonde.com/news/articleView.html?idxno=22245,AI 스택 워즈(Stack Wars) - 수직적 지배력의 재편과 파편화된 기술 주권,ilemonde.com,혁신_위축,"AI 기본법과 규제 체계의 사회적 영향 중심으로 다루며, 규제 부담 완화와 산업 혁신 입장 강조"
AI 규제,AI기본법;스타트업;규제부담,https://www.mediapen.com/news/view/1094441,[ AI 대전환⑧]글로벌 기업 질주…'포지티브 규제 ' 발목 잡힌 한국,mediapen.com,혁신_위축,"AI 규제가 스타트업·기업 혁신에 주는 부담 중심으로 다루며, 규제 부담 완화와 산업 혁신 입장 강조"
AI 규제,AI기본법;스타트업;규제부담,https://n.news.naver.com/mnews/article/092/0002419096?sid=105,[이성엽의 IT프리즘] SNS 중독과 플랫폼의 책임의 확장,지디넷코리아,혁신_위축,"AI 안전성·책임성 확보와 규제 사각지대 해소 중심으로 다루며, 규제 부담 완화와 산업 혁신 입장 강조"
AI 규제,AI기본법;스타트업;규제부담,https://www.kukinews.com/article/view/kuk202603220037,AI기본법 ‘고영향 AI ’ 모호한 경계… 스타트업 “ 규제 리스크 커졌다”,kukinews.com,혁신_위축,"AI 규제가 스타트업·기업 혁신에 주는 부담 중심으로 다루며, 규제 부담 완화와 산업 혁신 입장 강조"
AI 규제,AI기본법;스타트업;규제부담,https://www.newscj.com/news/articleView.html?idxno=3388922,"[ AI 와 인류④] 글로벌 AI 규제 EU·미·중 3파전… 한국, 정책 방향 분수...",newscj.com,혁신_위축,"AI 기본법과 규제 체계의 사회적 영향 중심으로 다루며, 규제 부담 완화와 산업 혁신 입장 강조"
AI 규제,AI기본법;스타트업;규제부담,https://www.m-i.kr/news/articleView.html?idxno=1354867,AI 육성 정책 vs AI 기본법 규제 … 기업 은 '혼란',m-i.kr,혁신_위축,"AI 규제가 스타트업·기업 혁신에 주는 부담 중심으로 다루며, 규제 부담 완화와 산업 혁신 입장 강조"
AI 규제,AI기본법;스타트업;규제부담,https://www.ekn.kr/web/view.php?key=20260304027593677,[김한성의 AI 시대] AI 시대의 진짜 경쟁은 기준이다,ekn.kr,혁신_위축,"AI 기본법과 규제 체계의 사회적 영향 중심으로 다루며, 규제 부담 완화와 산업 혁신 입장 강조"
AI 규제,AI기본법;스타트업;규제부담,https://www.asiatime.co.kr/article/20260209500372,[정순채 칼럼] 진흥과 방향 제시가 우선인 AI기본법,asiatime.co.kr,혁신_위축,"AI 기본법과 규제 체계의 사회적 영향 중심으로 다루며, 규제 부담 완화와 산업 혁신 입장 강조"
AI 규제,AI기본법;스타트업;규제부담,https://www.cstimes.com/news/articleView.html?idxno=692184,"[강나연의 블랙박스] AI 워싱· AI 슬롭의 시대… AI 기본법 , 신뢰 인프라로",cstimes.com,혁신_위축,"AI 기본법과 규제 체계의 사회적 영향 중심으로 다루며, 규제 부담 완화와 산업 혁신 입장 강조"
AI 규제,AI기본법;스타트업;규제부담,https://n.news.naver.com/mnews/article/025/0003500066?sid=110,"[중앙시평] AI 강국, 전력·전력망·에너지믹스에 달렸다",중앙일보,혁신_위축,"AI 기본법과 규제 체계의 사회적 영향 중심으로 다루며, 규제 부담 완화와 산업 혁신 입장 강조"
AI 규제,AI기본법;스타트업;규제부담,https://n.news.naver.com/mnews/article/030/0003394715?sid=101,AI기본법 시행에 스타트업 혼선…워터마크 부담 ·제조 AI 사각지대 논란,전자신문,혁신_위축,"AI 규제가 스타트업·기업 혁신에 주는 부담 중심으로 다루며, 규제 부담 완화와 산업 혁신 입장 강조"
AI 규제,AI기본법;스타트업;규제부담,https://n.news.naver.com/mnews/article/417/0001126635?sid=105,"[세계 최초 AI기본법 ]인공지능전략위원회, AI기본법 으로 달라질까",동행미디어 시대,혁신_위축,"AI 기본법과 규제 체계의 사회적 영향 중심으로 다루며, 규제 부담 완화와 산업 혁신 입장 강조"
AI 규제,AI기본법;스타트업;규제부담,https://n.news.naver.com/mnews/article/417/0001126632?sid=105,"[세계 최초 AI기본법 ]"" AI 생성물 워터마크 표기 어떻게""… 스타트업 혼란...",동행미디어 시대,혁신_위축,"AI 규제가 스타트업·기업 혁신에 주는 부담 중심으로 다루며, 규제 부담 완화와 산업 혁신 입장 강조"
AI 규제,AI기본법;스타트업;규제부담,https://n.news.naver.com/mnews/article/021/0002766692?sid=105,딥페이크에 ‘ AI 생성물 표시’ 의무화… 국내업체 제재 역차별 우려도[...,문화일보,혁신_위축,"AI 규제가 스타트업·기업 혁신에 주는 부담 중심으로 다루며, 규제 부담 완화와 산업 혁신 입장 강조"
국민연금,국민연금;노후보장;소득대체율,https://n.news.naver.com/mnews/article/016/0002650155?sid=101,산재사망 줄고 노란봉투법 안착…정년연장· 연금 개혁은 숙제로,헤럴드경제,노후_보장,"연금개혁의 형평성과 사회적 합의 필요성 중심으로 다루며, 노후소득 보장과 수급자 보호 입장 강조"
국민연금,국민연금;노후보장;소득대체율,https://www.asiatime.co.kr/article/20260527500111,"""부동산 쏠림 깨야 산다…자본시장 매력 높여야""",asiatime.co.kr,노후_보장,"국민연금 기금 운용과 자본시장 역할 중심으로 다루며, 노후소득 보장과 수급자 보호 입장 강조"
국민연금,국민연금;노후보장;소득대체율,https://n.news.naver.com/mnews/article/119/0003091827?sid=102,더 내고 더 받는 연금 개혁…보험료율 13%· 소득대체율 43%로 [ 국민연금 ...,데일리안,노후_보장,"노후소득 보장 강화와 연금 수급 안정성 중심으로 다루며, 노후소득 보장과 수급자 보호 입장 강조"
국민연금,국민연금;노후보장;소득대체율,https://n.news.naver.com/mnews/article/015/0005284724?sid=101,국민연금 수익률 年 7.5% 유지땐 2100년까지 버틴다지만…,한국경제,노후_보장,"국민연금 기금 운용과 자본시장 역할 중심으로 다루며, 노후소득 보장과 수급자 보호 입장 강조"
국민연금,국민연금;노후보장;소득대체율,https://n.news.naver.com/mnews/article/055/0001352548?sid=102,"[정치쇼] 정은경 ""5년간 3,422명 단계적 의대 증원…전부 지역의사제로...",SBS,노후_보장,"국민연금 제도 개편의 방향 중심으로 다루며, 노후소득 보장과 수급자 보호 입장 강조"
국민연금,국민연금;노후보장;소득대체율,https://n.news.naver.com/mnews/article/081/0003639222?sid=110,"[열린세상] 3차 연금 개혁 1년, 다음을 준비할 때",서울신문,노후_보장,"연금개혁의 형평성과 사회적 합의 필요성 중심으로 다루며, 노후소득 보장과 수급자 보호 입장 강조"
국민연금,국민연금;노후보장;소득대체율,https://bravo.etoday.co.kr/view/atc_view/19048,[현장에서] “ 연금 은 쌓는 게 아니라 받는 것”,bravo.etoday.co.kr,노후_보장,"노후소득 보장 강화와 연금 수급 안정성 중심으로 다루며, 노후소득 보장과 수급자 보호 입장 강조"
국민연금,국민연금;노후보장;소득대체율,https://www.mstoday.co.kr/news/articleView.html?idxno=101207,반도체가 키운 국민연금 …2050년은 퇴직 연금,mstoday.co.kr,노후_보장,"국민연금 기금 운용과 자본시장 역할 중심으로 다루며, 노후소득 보장과 수급자 보호 입장 강조"
국민연금,국민연금;노후보장;소득대체율,https://www.dnews.co.kr/uhtml/view.jsp?idxno=202603291625427900065,[사설] 속도전에 쫓긴 연금 개혁…형평성부터 바로 세워야,dnews.co.kr,노후_보장,"연금개혁의 형평성과 사회적 합의 필요성 중심으로 다루며, 노후소득 보장과 수급자 보호 입장 강조"
국민연금,국민연금;노후보장;소득대체율,https://www.tfmedia.co.kr/news/article.html?no=203125,[세금실태] ⑤ 근로 소득 세 깎기 위한 두 가지 방법…고 소득 과세‧4대보...,tfmedia.co.kr,노후_보장,"국민연금 제도 개편의 방향 중심으로 다루며, 노후소득 보장과 수급자 보호 입장 강조"
국민연금,국민연금;노후보장;소득대체율,https://www.newsworks.co.kr/news/articleView.html?idxno=835735,"[짠富테크] ""더 내는데 더 부족""… 국민연금 , 월 69만원의 현실",newsworks.co.kr,노후_보장,"노후소득 보장 강화와 연금 수급 안정성 중심으로 다루며, 노후소득 보장과 수급자 보호 입장 강조"
국민연금,국민연금;노후보장;소득대체율,https://www.viva100.com/article/20260322500392,[비바100] 이스란 보건복지부 차관 “지역여건 반영한 통합돌봄 필요…...,viva100.com,노후_보장,"국민연금 제도 개편의 방향 중심으로 다루며, 노후소득 보장과 수급자 보호 입장 강조"
국민연금,국민연금;노후보장;소득대체율,https://n.news.naver.com/mnews/article/032/0003434171?sid=110,"[정동칼럼]하후상박 기초 연금 , 꼭 이루자",경향신문,노후_보장,"노후소득 보장 강화와 연금 수급 안정성 중심으로 다루며, 노후소득 보장과 수급자 보호 입장 강조"
국민연금,국민연금;보험료율;미래세대,https://n.news.naver.com/mnews/article/009/0005687061?sid=101,"“한국 공적 연금 지출액, 2085년 GDP 15% 초과할 것...구조개혁 시급”",매일경제,세대_부담,"보험료 인상과 미래세대 부담, 재정 지속가능성 중심으로 다루며, 미래세대 부담과 재정 지속가능성 입장 강조"
국민연금,국민연금;보험료율;미래세대,http://www.metroseoul.co.kr/article/20260525500141,다가온 '지방선거'…선거 이후 ' 연금 개혁' 전망은?,metroseoul.co.kr,세대_부담,"연금개혁의 형평성과 사회적 합의 필요성 중심으로 다루며, 미래세대 부담과 재정 지속가능성 입장 강조"
국민연금,국민연금;보험료율;미래세대,https://www.ppss.kr/news/articleView.html?idxno=296887,"국민연금 고갈 늦췄다...""내 돈은 더 낸다"" 부담 폭탄",ppss.kr,세대_부담,"보험료 인상과 미래세대 부담, 재정 지속가능성 중심으로 다루며, 미래세대 부담과 재정 지속가능성 입장 강조"
국민연금,국민연금;보험료율;미래세대,https://n.news.naver.com/mnews/article/119/0003093254?sid=102,기금 소진 8년 늦췄지만…끝나지 않은 개혁 [ 국민연금 해부④],데일리안,세대_부담,"연금개혁의 형평성과 사회적 합의 필요성 중심으로 다루며, 미래세대 부담과 재정 지속가능성 입장 강조"
국민연금,국민연금;보험료율;미래세대,https://n.news.naver.com/mnews/article/421/0008957331?sid=162,"박형준 청년선대위 ""부산 청년 일자리 사라지게 만든 주체가 민주노총""",뉴스1,세대_부담,"국민연금 제도 개편의 방향 중심으로 다루며, 미래세대 부담과 재정 지속가능성 입장 강조"
국민연금,국민연금;보험료율;미래세대,https://n.news.naver.com/mnews/article/009/0005682802?sid=110,"부모 부양도, 내 노후도 막막 … 50대 은퇴지옥 벗어날 3대 해법",매일경제,세대_부담,"노후소득 보장 강화와 연금 수급 안정성 중심으로 다루며, 미래세대 부담과 재정 지속가능성 입장 강조"
국민연금,국민연금;보험료율;미래세대,https://bravo.etoday.co.kr/view/atc_view/19239,[현장에서] 1600조 국민연금 ‘사회투자’ 지속 가능성은?,bravo.etoday.co.kr,세대_부담,"국민연금 제도 개편의 방향 중심으로 다루며, 미래세대 부담과 재정 지속가능성 입장 강조"
국민연금,국민연금;보험료율;미래세대,https://www.mstoday.co.kr/news/articleView.html?idxno=101430,""" 미래세대 부담 "" vs ""노후 안전망""…기초 연금 논란",mstoday.co.kr,세대_부담,"노후소득 보장 강화와 연금 수급 안정성 중심으로 다루며, 미래세대 부담과 재정 지속가능성 입장 강조"
국민연금,국민연금;보험료율;미래세대,https://n.news.naver.com/mnews/article/022/0004125351?sid=101,월급서 이미 빠진다… 연금 지출 ‘GDP 41.4%’가 말한 냉혹한 현실 [숫자...,세계일보,세대_부담,"보험료 인상과 미래세대 부담, 재정 지속가능성 중심으로 다루며, 미래세대 부담과 재정 지속가능성 입장 강조"
국민연금,국민연금;보험료율;미래세대,https://m.skyedaily.com/news_view.html?ID=303144,[사설] 국민연금 개혁 필요성 제기한 IMF,m.skyedaily.com,세대_부담,"보험료 인상과 미래세대 부담, 재정 지속가능성 중심으로 다루며, 미래세대 부담과 재정 지속가능성 입장 강조"
국민연금,국민연금;보험료율;미래세대,https://www.christiantoday.co.kr/news/374691,"이번엔 고유가 피해지원금? 민생지원금, 받을 땐 좋지만… 원래 누구 돈...",christiantoday.co.kr,세대_부담,"국민연금 제도 개편의 방향 중심으로 다루며, 미래세대 부담과 재정 지속가능성 입장 강조"
국민연금,국민연금;보험료율;미래세대,https://www.newspim.com/news/view/20260422001128,[기고] '낸 만큼 받는 국민연금 '이 과연 해답일까?,newspim.com,세대_부담,"국민연금 제도 개편의 방향 중심으로 다루며, 미래세대 부담과 재정 지속가능성 입장 강조"
국민연금,국민연금;보험료율;미래세대,https://www.naeil.com/news/read/585563?ref=naver,"국회 못 푼 난제, 시민 숙의로 푸나",naeil.com,세대_부담,"연금개혁의 형평성과 사회적 합의 필요성 중심으로 다루며, 미래세대 부담과 재정 지속가능성 입장 강조"
국민연금,국민연금;보험료율;미래세대,https://www.tfmedia.co.kr/news/article.html?no=203758,"[세금실태] ⑥ 젊을 때 일하고 늙으면 굶는 나라…취약한 4대 보험, 원인...",tfmedia.co.kr,세대_부담,"국민연금 제도 개편의 방향 중심으로 다루며, 미래세대 부담과 재정 지속가능성 입장 강조"
국민연금,국민연금;보험료율;미래세대,http://www.metroseoul.co.kr/article/20260409500297,"[ 연금 과 생존전략] <3> 연금 개혁, 해외는 어떻게 풀었나",metroseoul.co.kr,세대_부담,"연금개혁의 형평성과 사회적 합의 필요성 중심으로 다루며, 미래세대 부담과 재정 지속가능성 입장 강조"
기후재난,폭염;기후위기;시민안전,https://www.ekn.kr/web/view.php?key=20260512024334132,“12분 생존 골든타임”…극한 호우시 ‘긴급재난문자’ 발송,ekn.kr,시민_안전,"기후재난으로부터 시민 생명과 취약계층을 보호할 필요성 중심으로 다루며, 시민 생명 보호와 취약계층 안전 입장 강조"
기후재난,폭염;취약계층;정책비용,https://www.businesspost.co.kr/BP?command=article_view&num=438407,[Who Is ?] 김태승 한국철도공사 사장,businesspost.co.kr,정책_비용,"기후재난 대응 정책과 사회적 비용 중심으로 다루며, 예산·행정 부담과 정책 효율성 입장 강조"
기후재난,폭염;취약계층;정책비용,https://n.news.naver.com/mnews/article/047/0002516659?sid=102,"""0.5평 쪽방, 여름엔 가마솥·겨울엔 냉동고""...기후재난 최전선에 선 빈...",오마이뉴스,정책_비용,"기후재난으로부터 시민 생명과 취약계층을 보호할 필요성 중심으로 다루며, 예산·행정 부담과 정책 효율성 입장 강조"
기후재난,폭염;취약계층;정책비용,https://www.gukjenews.com/news/articleView.html?idxno=3581308,[거버넌스 인사이트 8] 서광용 박사의 자연재난 종합 대책 소상공인 사업...,gukjenews.com,정책_비용,"폭염·기후재난 대응 정책의 재정 부담과 집행 효율성 중심으로 다루며, 예산·행정 부담과 정책 효율성 입장 강조"
기후재난,폭염;취약계층;정책비용,http://www.lak.co.kr/news/boardview.php?id=23019,"기후위기 시대, 정원도시 해법 모색… “선언 넘어 도시 구조 전환으로...",lak.co.kr,정책_비용,"도시 구조 전환을 통한 기후재난 대응 중심으로 다루며, 예산·행정 부담과 정책 효율성 입장 강조"
기후재난,폭염;취약계층;정책비용,https://www.labortoday.co.kr/news/articleView.html?idxno=234006,"[류현철 노동부 산업안전보건본부장] ""칼날 위에 서 있는 기분, 산재감...",labortoday.co.kr,정책_비용,"기후재난 대응 정책과 사회적 비용 중심으로 다루며, 예산·행정 부담과 정책 효율성 입장 강조"
기후재난,폭염;취약계층;정책비용,https://www.ekn.kr/web/view.php?key=20260419025328255,[패트롤] 경주시- 영천시- 칠곡군- 달서구- 수성구- 영진전문대,ekn.kr,정책_비용,"기후재난 대응 정책과 사회적 비용 중심으로 다루며, 예산·행정 부담과 정책 효율성 입장 강조"
기후재난,폭염;취약계층;정책비용,https://n.news.naver.com/mnews/article/417/0001138704?sid=100,"백혜련 의원, 에너지법 개정안 대표발의…"" 취약계층 지원 개선 필요""",동행미디어 시대,정책_비용,"기후재난으로부터 시민 생명과 취약계층을 보호할 필요성 중심으로 다루며, 예산·행정 부담과 정책 효율성 입장 강조"
기후재난,폭염;취약계층;정책비용,https://www.dnews.co.kr/uhtml/view.jsp?idxno=202604091522025630689,"[부산 브리핑 모음(4월10일)] 부산진문화재단, 유아 문화예술교육 지원 ...",dnews.co.kr,정책_비용,"폭염·기후재난 대응 정책의 재정 부담과 집행 효율성 중심으로 다루며, 예산·행정 부담과 정책 효율성 입장 강조"
기후재난,폭염;취약계층;정책비용,https://www.cbci.co.kr/news/articleView.html?idxno=565788,"[금융家] 강호동 농협중앙회장 ㅣ 미래 논의·소통 강조…""조직 혁신·신...",cbci.co.kr,정책_비용,"기후재난 대응 정책과 사회적 비용 중심으로 다루며, 예산·행정 부담과 정책 효율성 입장 강조"
기후재난,폭염;취약계층;정책비용,https://www.ekn.kr/web/view.php?key=20260401025523351,[패트롤] 과천시의회-시흥시의회-안산시의회-파주시의회,ekn.kr,정책_비용,"기후재난 대응 정책과 사회적 비용 중심으로 다루며, 예산·행정 부담과 정책 효율성 입장 강조"
기후재난,폭염;취약계층;정책비용,https://www.incheontoday.com/news/articleView.html?idxno=317030,[기후위기 의제 실종 ③] 인천 기후위기로 드러난 '불평등 심화' 대안은,incheontoday.com,정책_비용,"기후재난으로부터 시민 생명과 취약계층을 보호할 필요성 중심으로 다루며, 예산·행정 부담과 정책 효율성 입장 강조"
기후재난,폭염;취약계층;정책비용,http://www.seoulwire.com/news/articleView.html?idxno=710865,"위기 때마다 먼저 움직인 경기 도정, 김동연식 '민생위기 대응 고속행...",seoulwire.com,정책_비용,"기후재난 대응 정책과 사회적 비용 중심으로 다루며, 예산·행정 부담과 정책 효율성 입장 강조"
기후재난,폭염;취약계층;정책비용,https://www.ekn.kr/web/view.php?key=20260220027350932,[패트롤] 과천시-광명시-군포시-시흥시-의왕시,ekn.kr,정책_비용,"기후재난 대응 정책과 사회적 비용 중심으로 다루며, 예산·행정 부담과 정책 효율성 입장 강조"
기후재난,폭염;취약계층;정책비용,https://www.newspim.com/news/view/20260213001025,"[AI로 읽는 경제] 명절마다 반복되는 할인 정책…"" 취약계층 ·선별 지원 전...",newspim.com,정책_비용,"기후재난으로부터 시민 생명과 취약계층을 보호할 필요성 중심으로 다루며, 예산·행정 부담과 정책 효율성 입장 강조"
지역소멸,지역소멸;청년유출;균형발전,http://www.ifs.or.kr/bbs/board.php?bo_table=News&wr_id=55803,비어 가는 국토와 공간의 재구성,ifs.or.kr,균형_발전,"지역소멸 대응 정책의 방향과 한계 중심으로 다루며, 지역 균형발전과 일자리 확충 입장 강조"
지역소멸,지역소멸;청년유출;균형발전,http://www.newsprime.co.kr/news/article.html?no=735184,"[인터뷰] 민형배의 전남광주 프로젝트 ""통합의 본질은 성장""",newsprime.co.kr,균형_발전,"지역 일자리와 균형발전을 통한 지역소멸 대응 중심으로 다루며, 지역 균형발전과 일자리 확충 입장 강조"
지역소멸,지역소멸;청년유출;균형발전,https://n.news.naver.com/mnews/article/002/0002443311?sid=102,"6.3 지선, 지역 문제해결 역량 다시 세우는 출발점돼야…[내가 만드는 복...",프레시안,균형_발전,"지역소멸 대응 정책의 방향과 한계 중심으로 다루며, 지역 균형발전과 일자리 확충 입장 강조"
지역소멸,지역소멸;청년유출;균형발전,https://n.news.naver.com/mnews/article/056/0012190728?sid=100,"[미리보기] 시사기획 창 : 2026지방선거, 미래를 묻다",KBS,균형_발전,"지역 일자리와 균형발전을 통한 지역소멸 대응 중심으로 다루며, 지역 균형발전과 일자리 확충 입장 강조"
지역소멸,지역소멸;청년유출;균형발전,https://www.dnews.co.kr/uhtml/view.jsp?idxno=202605281613563900375,"[부산ㆍ경남 대학 브리핑 모음(5월29일)] 경상국립대 우주항공대학, 서...",dnews.co.kr,균형_발전,"지역소멸 대응 정책의 방향과 한계 중심으로 다루며, 지역 균형발전과 일자리 확충 입장 강조"
지역소멸,지역소멸;청년유출;균형발전,https://www.namdonews.com/news/articleView.html?idxno=911986,"통합특별시장 후보 릴레이 인터뷰: ④ 정의당 강은미 ""시민의 삶 존중받...",namdonews.com,균형_발전,"지역 일자리와 균형발전을 통한 지역소멸 대응 중심으로 다루며, 지역 균형발전과 일자리 확충 입장 강조"
지역소멸,지역소멸;청년유출;균형발전,https://www.inews365.com/news/article.html?no=921203,"김문근 단양군수 후보 ""단양 미래 완성 위해 다시 선택해달라""",inews365.com,균형_발전,"지역 일자리와 균형발전을 통한 지역소멸 대응 중심으로 다루며, 지역 균형발전과 일자리 확충 입장 강조"
지역소멸,지역소멸;청년유출;균형발전,http://www.mdilbo.com/detail/0kIA7d/755929,"장관호 ""부패 고리 끊고 교육정의 실현···25년 현장 경험이 독보적 경...",mdilbo.com,균형_발전,"지역소멸 대응 정책의 방향과 한계 중심으로 다루며, 지역 균형발전과 일자리 확충 입장 강조"
지역소멸,지역소멸;청년유출;균형발전,https://www.kbmaeil.com/article/20260527500611,민주당 오중기 vs 국민의힘 이철우 TV토론회서 충돌,kbmaeil.com,균형_발전,"지역소멸 대응 정책의 방향과 한계 중심으로 다루며, 지역 균형발전과 일자리 확충 입장 강조"
지역소멸,지역소멸;청년유출;균형발전,https://www.newsgn.com/news/articleView.html?idxno=554241,"인제대, 지역 불 균형 · 청년 정주 해법 특강...류장수 前최저임금위원장 초...",newsgn.com,균형_발전,"지역 일자리와 균형발전을 통한 지역소멸 대응 중심으로 다루며, 지역 균형발전과 일자리 확충 입장 강조"
지역소멸,지역소멸;청년유출;균형발전,https://www.newspim.com/news/view/20260527000631,"[6·3지선 인터뷰]김중남 후보 ""70조 AI데이터센터로 강릉 체질 바꾸겠다...",newspim.com,균형_발전,"지역 일자리와 균형발전을 통한 지역소멸 대응 중심으로 다루며, 지역 균형발전과 일자리 확충 입장 강조"
지역소멸,지역소멸;청년유출;균형발전,https://n.news.naver.com/mnews/article/277/0005768268?sid=162,"[지방선거 인터뷰]우상호 ""대통령이 보낸 사람…강원도 살릴 것""",아시아경제,균형_발전,"지역 일자리와 균형발전을 통한 지역소멸 대응 중심으로 다루며, 지역 균형발전과 일자리 확충 입장 강조"
지역소멸,지역소멸;청년유출;균형발전,https://www.ekn.kr/web/view.php?key=20260527027238155,경북 교육감·지방선거 후보들 본격 세몰이…교육· 지역 발전 공약 경쟁...,ekn.kr,균형_발전,"지역 일자리와 균형발전을 통한 지역소멸 대응 중심으로 다루며, 지역 균형발전과 일자리 확충 입장 강조"
지역소멸,지역소멸;청년유출;균형발전,https://www.mhns.co.kr/news/articleView.html?idxno=748400,"한왕기 평창군수 후보, 기본소득 15만원·3만명 일자리 공약",mhns.co.kr,균형_발전,"지역 일자리와 균형발전을 통한 지역소멸 대응 중심으로 다루며, 지역 균형발전과 일자리 확충 입장 강조"
지역소멸,지역소멸;청년유출;균형발전,http://www.ccnnews.co.kr/news/articleView.html?idxno=410088,"충청광역연합, 초광역 협력으로 지역 소멸 위기 넘는다",ccnnews.co.kr,균형_발전,"지역 일자리와 균형발전을 통한 지역소멸 대응 중심으로 다루며, 지역 균형발전과 일자리 확충 입장 강조"
지역소멸,지역소멸;청년정착;정책효과,https://www.polinews.co.kr/news/articleView.html?idxno=732351,장흥군 전입세대 주거지원 효과 …인구 감소세 둔화 뚜렷,polinews.co.kr,정착_한계,"청년 정착 정책의 실효성과 지역 생활 인프라 한계 중심으로 다루며, 정책 실효성 한계와 인프라 부족 문제 제기"
지역소멸,지역소멸;청년정착;정책효과,https://www.ntoday.co.kr/news/articleView.html?idxno=127259,﻿[ 청년 정치 | 뉴권자 플레이 매뉴얼④] 공약 읽기부터 검증까지…'내...,ntoday.co.kr,정착_한계,"지역 일자리와 균형발전을 통한 지역소멸 대응 중심으로 다루며, 정책 실효성 한계와 인프라 부족 문제 제기"
지역소멸,지역소멸;청년정착;정책효과,http://www.bizwnews.com/news/articleView.html?idxno=137280,"[제11대 서울시의회 돌아보기⑧] 기획경제위, 민생 경제 '방어선' 자처한...",bizwnews.com,정착_한계,"지역소멸 대응 정책의 방향과 한계 중심으로 다루며, 정책 실효성 한계와 인프라 부족 문제 제기"
지역소멸,지역소멸;청년정착;정책효과,http://www.fntimes.com/html/view.php?ud=2026052116005382145e6e69892f_18,"캠코·주금공·신보까지, 고용·투자 늘었지만 도심공동화 여전 [금융공...",fntimes.com,정착_한계,"청년 정착 정책의 실효성과 지역 생활 인프라 한계 중심으로 다루며, 정책 실효성 한계와 인프라 부족 문제 제기"
지역소멸,지역소멸;청년정착;정책효과,https://www.newsjeju.net/news/articleView.html?idxno=421074,"[인터뷰] 문성유 제주도지사 후보 ""관광 의존 경제 한계…제주 산업 체...",newsjeju.net,정착_한계,"지역 일자리와 균형발전을 통한 지역소멸 대응 중심으로 다루며, 정책 실효성 한계와 인프라 부족 문제 제기"
지역소멸,지역소멸;청년정착;정책효과,http://www.hansbiz.co.kr/news/articleView.html?idxno=839921,전남 청년 마을 자립 기반 강화…최대 5000만원 지원,hansbiz.co.kr,정착_한계,"지역소멸 대응 정책의 방향과 한계 중심으로 다루며, 정책 실효성 한계와 인프라 부족 문제 제기"
지역소멸,지역소멸;청년정착;정책효과,http://www.civicnews.com/news/articleView.html?idxno=39815,[부산 변호사 한변의 리얼상담실21] 서울이 비어야 대한민국이 산다,civicnews.com,정착_한계,"지역소멸 대응 정책의 방향과 한계 중심으로 다루며, 정책 실효성 한계와 인프라 부족 문제 제기"
지역소멸,지역소멸;청년정착;정책효과,http://www.econonews.co.kr/news/articleView.html?idxno=437945,"농식품부, 농어촌 기본소득 대상지 추가공모 결과 44개군 신청...5개군 ...",econonews.co.kr,정착_한계,"청년 정착 정책의 실효성과 지역 생활 인프라 한계 중심으로 다루며, 정책 실효성 한계와 인프라 부족 문제 제기"
지역소멸,지역소멸;청년정착;정책효과,https://n.news.naver.com/mnews/article/016/0002641391?sid=101,“월 15만원이 동네 바꿨다”…농촌기본소득 실험에 44개 군 몰린 이유,헤럴드경제,정착_한계,"청년 정착 정책의 실효성과 지역 생활 인프라 한계 중심으로 다루며, 정책 실효성 한계와 인프라 부족 문제 제기"
지역소멸,지역소멸;청년정착;정책효과,https://www.ekn.kr/web/view.php?key=20260510027453368,[패트롤] 경북경제진흥원-김천시-상주시-문경시-성주군-고령군,ekn.kr,정착_한계,"지역소멸 대응 정책의 방향과 한계 중심으로 다루며, 정책 실효성 한계와 인프라 부족 문제 제기"
지역소멸,지역소멸;청년정착;정책효과,https://www.newsworks.co.kr/news/articleView.html?idxno=840030,"[짠富테크] ""월세부터 취업·적금까지""…2026년 청년 정책 , 이것만은 꼭 ...",newsworks.co.kr,정착_한계,"지역소멸 대응 정책의 방향과 한계 중심으로 다루며, 정책 실효성 한계와 인프라 부족 문제 제기"
지역소멸,지역소멸;청년정착;정책효과,https://www.naeil.com/news/read/588022?ref=naver,[인터뷰 | 김동명 한국노총 위원장] “노동시장 이중구조 못 바꾸면 지...,naeil.com,정착_한계,"지역소멸 대응 정책의 방향과 한계 중심으로 다루며, 정책 실효성 한계와 인프라 부족 문제 제기"
지역소멸,지역소멸;청년정착;정책효과,https://www.newswhoplus.com/news/articleView.html?idxno=60124,"저출산· 지역 소멸 대응… 정부 인구 정책 , '국가 전략' 체계로 재편",newswhoplus.com,정착_한계,"농어촌 인구감소 대응과 기본소득·지원정책 효과 중심으로 다루며, 정책 실효성 한계와 인프라 부족 문제 제기"
지역소멸,지역소멸;청년정착;정책효과,https://www.danbinews.com/news/articleView.html?idxno=32951,돌고래·나무·호수도 권리의 주체가 될 수 있나,danbinews.com,정착_한계,"지역소멸 대응 정책의 방향과 한계 중심으로 다루며, 정책 실효성 한계와 인프라 부족 문제 제기"
도심 인프라 안전,노후인프라;고가도로;안전관리,https://n.news.naver.com/mnews/article/032/0003449007?sid=110,"[사설] 서소문 고가 ‘ 안전 경고’ 무시한 서울시, 이러니 사고 날 밖에",경향신문,안전관리_부실,"노후 인프라 안전관리 부실과 책임 소재 중심으로 다루며, 관리 책임 추궁과 안전관리 부실 문제 제기"
도심 인프라 안전,노후인프라;고가도로;안전관리,https://www.jeonmae.co.kr/news/articleView.html?idxno=1260912,[최승필의 돋보기] 안전 은 일상의 실천에서 시작,jeonmae.co.kr,안전관리_부실,"도심 노후 인프라 안전 문제를 중심으로 다루며, 관리 책임 추궁과 안전관리 부실 문제 제기"
도심 인프라 안전,노후인프라;고가도로;안전관리,https://n.news.naver.com/mnews/article/422/0000869961?sid=102,서소문 이어 수서역까지…' 안전 불감증' 도마 위,연합뉴스TV,안전관리_부실,"노후 인프라 안전관리 부실과 책임 소재 중심으로 다루며, 관리 책임 추궁과 안전관리 부실 문제 제기"
도심 인프라 안전,노후인프라;고가도로;안전관리,https://n.news.naver.com/mnews/article/020/0003723387?sid=102,[단독] 안전 진단서 D-E등급 ‘ 부실 교량’ 전국 117개… 제2 서소문 고가 ...,동아일보,안전관리_부실,"노후 인프라 안전관리 부실과 책임 소재 중심으로 다루며, 관리 책임 추궁과 안전관리 부실 문제 제기"
도심 인프라 안전,노후인프라;고가도로;안전관리,https://www.kyeongin.com/article/1764568,"화성시, 경기도 최초 ‘건설공사 시민감리단’ 출범… 안전관리 강화",kyeongin.com,안전관리_부실,"사고 원인 규명과 재발 방지 제도 개선 중심으로 다루며, 관리 책임 추궁과 안전관리 부실 문제 제기"
도심 인프라 안전,노후인프라;고가도로;안전관리,https://n.news.naver.com/mnews/article/011/0004625710?sid=102,사고 57시간 만에 서소문고가 철거 재개…30일 첫차 정상화 총력,서울경제,안전관리_부실,"노후 인프라 안전관리 부실과 책임 소재 중심으로 다루며, 관리 책임 추궁과 안전관리 부실 문제 제기"
도심 인프라 안전,노후인프라;고가도로;안전관리,https://n.news.naver.com/mnews/article/011/0004625628?sid=102,[단독] 시공사 흥화는 안전 위반 9차례...침하 징후에도 통제 없었다,서울경제,안전관리_부실,"노후 인프라 안전관리 부실과 책임 소재 중심으로 다루며, 관리 책임 추궁과 안전관리 부실 문제 제기"
도심 인프라 안전,노후인프라;고가도로;안전관리,https://n.news.naver.com/mnews/article/006/0000135964?sid=102,"이재명 대통령 부산 방문에 조선 중앙 ""과하다"" ""너무 노골적"" 반발",미디어오늘,안전관리_부실,"도심 노후 인프라 안전 문제를 중심으로 다루며, 관리 책임 추궁과 안전관리 부실 문제 제기"
도심 인프라 안전,노후인프라;고가도로;안전관리,https://n.news.naver.com/mnews/article/032/0003448610?sid=100,무너지기 5분전 승객 42명 탄 KTX 지나갔다···책임 떠넘기는 서울시·...,경향신문,안전관리_부실,"노후 인프라 안전관리 부실과 책임 소재 중심으로 다루며, 관리 책임 추궁과 안전관리 부실 문제 제기"
도심 인프라 안전,노후인프라;고가도로;안전관리,https://n.news.naver.com/mnews/article/011/0004625507?sid=102,"[단독] 흥화, 작년 안전 위반 9곳…이번에도 보강·통제 없었다",서울경제,안전관리_부실,"노후 인프라 안전관리 부실과 책임 소재 중심으로 다루며, 관리 책임 추궁과 안전관리 부실 문제 제기"
도심 인프라 안전,노후인프라;고가도로;안전관리,http://www.metroseoul.co.kr/article/20260528500376,"與, 吳 겨냥 ""서울시 안전 불감증 우려""… 서소문 사고·GTX 철근누락 좌...",metroseoul.co.kr,안전관리_부실,"노후 인프라 안전관리 부실과 책임 소재 중심으로 다루며, 관리 책임 추궁과 안전관리 부실 문제 제기"
도심 인프라 안전,노후인프라;고가도로;안전관리,https://n.news.naver.com/mnews/article/469/0000933174?sid=101,"토목학회 "" 고가 차도 등 붕괴 위험 구조물에 인력 투입 재고해야""",한국일보,안전관리_부실,"노후 인프라 안전관리 부실과 책임 소재 중심으로 다루며, 관리 책임 추궁과 안전관리 부실 문제 제기"
도심 인프라 안전,노후인프라;고가도로;안전관리,https://www.wikitree.co.kr/articles/1138724,"""불안해서 카메라 켰다"" 서소문 사망 사고 한 달 전 상인이 찍은 '영상'...",wikitree.co.kr,안전관리_부실,"노후 인프라 안전관리 부실과 책임 소재 중심으로 다루며, 관리 책임 추궁과 안전관리 부실 문제 제기"
도심 인프라 안전,노후인프라;고가도로;안전관리,https://n.news.naver.com/mnews/article/053/0000058649?sid=102,"""조금만 늦었어도 대형 참사""…KTX 지나간 직후 붕괴 한 서소문 고가",주간조선,안전관리_부실,"노후 인프라 안전관리 부실과 책임 소재 중심으로 다루며, 관리 책임 추궁과 안전관리 부실 문제 제기"
도심 인프라 안전,노후인프라;재발방지;제도개선,http://www.sisafocus.co.kr/news/articleView.html?idxno=360645,"[기획] 서소문 고가 붕괴 사고 , 서울시장 선거 쟁점화 되나",sisafocus.co.kr,제도_개선,"노후 인프라 안전관리 부실과 책임 소재 중심으로 다루며, 원인 규명·재발 방지·제도 개선 입장 강조"
도심 인프라 안전,노후인프라;재발방지;제도개선,https://www.newspim.com/news/view/20260528000888,국토부 '서소문 고가 붕괴 ' 사조위 구성…4개월간 원인 규명,newspim.com,제도_개선,"노후 인프라 안전관리 부실과 책임 소재 중심으로 다루며, 원인 규명·재발 방지·제도 개선 입장 강조"
도심 인프라 안전,노후인프라;재발방지;제도개선,https://www.shinailbo.co.kr/news/articleView.html?idxno=5025061,안전문제 띄우는 與…'서소문 붕괴사고 ·GTX 철근 누락 사태' 좌담회,shinailbo.co.kr,제도_개선,"노후 인프라 안전관리 부실과 책임 소재 중심으로 다루며, 원인 규명·재발 방지·제도 개선 입장 강조"
도심 인프라 안전,노후인프라;재발방지;제도개선,https://n.news.naver.com/mnews/article/003/0013972496?sid=100,"與, '서소문 고가 붕괴 ·GTX 철근누락' 좌담회…""서울시 안전불감증 우려...",뉴시스,제도_개선,"노후 인프라 안전관리 부실과 책임 소재 중심으로 다루며, 원인 규명·재발 방지·제도 개선 입장 강조"
도심 인프라 안전,노후인프라;재발방지;제도개선,https://www.redaily.co.kr/news/articleView.html?idxno=16665,"거더처짐, 코레일·철도공단에 한번도 안 알렸다 [서소문 고가 붕괴 ]",redaily.co.kr,제도_개선,"노후 인프라 안전관리 부실과 책임 소재 중심으로 다루며, 원인 규명·재발 방지·제도 개선 입장 강조"
도심 인프라 안전,노후인프라;재발방지;제도개선,https://n.news.naver.com/mnews/article/018/0006292181?sid=162,"""'서울 안전 이대로 괜찮은가""…지선 앞두고 안전 부각하는 與",이데일리,제도_개선,"인프라 사고의 정치적 책임 공방 중심으로 다루며, 원인 규명·재발 방지·제도 개선 입장 강조"
도심 인프라 안전,노후인프라;재발방지;제도개선,https://n.news.naver.com/mnews/article/003/0013972319?sid=100,"與, '서소문 붕괴사고 ·GTX 철근 누락 사태' 좌담회…""서울시 태도 안일...",뉴시스,제도_개선,"노후 인프라 안전관리 부실과 책임 소재 중심으로 다루며, 원인 규명·재발 방지·제도 개선 입장 강조"
도심 인프라 안전,노후인프라;재발방지;제도개선,https://n.news.naver.com/mnews/article/123/0002383756?sid=100,"與, '오세훈 겨냥' 서울시 안전 긴급 좌담회...국힘 ""재난의 정쟁화"" 반...",조세일보,제도_개선,"사고 원인 규명과 재발 방지 제도 개선 중심으로 다루며, 원인 규명·재발 방지·제도 개선 입장 강조"
도심 인프라 안전,노후인프라;재발방지;제도개선,https://n.news.naver.com/mnews/article/079/0003703054?sid=101,"'건물 붕괴 ' 양양군 싱크홀, '불량 시공·땜질 대처'가 원인",노컷뉴스,제도_개선,"노후 인프라 안전관리 부실과 책임 소재 중심으로 다루며, 원인 규명·재발 방지·제도 개선 입장 강조"
도심 인프라 안전,노후인프라;재발방지;제도개선,http://www.nongaek.com/news/articleView.html?idxno=26919,"평택대교, 대림산업 96% 낙찰률로 따내",nongaek.com,제도_개선,"도심 노후 인프라 안전 문제를 중심으로 다루며, 원인 규명·재발 방지·제도 개선 입장 강조"
도심 인프라 안전,노후인프라;재발방지;제도개선,http://www.redian.org/archive/98287,세월호 참사 2년 우리는 지금 안전한가?,redian.org,제도_개선,"도심 노후 인프라 안전 문제를 중심으로 다루며, 원인 규명·재발 방지·제도 개선 입장 강조"
도심 인프라 안전,노후인프라;재발방지;제도개선,http://www.mediaus.co.kr/news/articleView.html?idxno=55156,세월호 참사 2년 우리는 지금 안전한가?,mediaus.co.kr,제도_개선,"도심 노후 인프라 안전 문제를 중심으로 다루며, 원인 규명·재발 방지·제도 개선 입장 강조"
도심 인프라 안전,노후인프라;재발방지;제도개선,https://n.news.naver.com/mnews/article/006/0000080416?sid=102,"대한민국이 세월호, 산재사망 년 2422명 OECD 1위",미디어오늘,제도_개선,"노후 인프라 안전관리 부실과 책임 소재 중심으로 다루며, 원인 규명·재발 방지·제도 개선 입장 강조"
플랫폼 노동,플랫폼노동;특수고용;노동권,https://n.news.naver.com/mnews/article/277/0005767525?sid=101,플랫폼 노동자 실태조사 3년 만에 재개…'도급제 최저임금 ' 논의 힘 실리...,아시아경제,노동권_보호,"플랫폼·특수고용 노동자의 권리 보호와 최저임금 적용 확대 중심으로 다루며, 플랫폼 노동자 권리 보호 입장 강조"
플랫폼 노동,플랫폼노동;특수고용;노동권,https://www.asiatime.co.kr/article/20260525500040,최저임금 심의 재개…인상률·도급근로자 적용 논의 본격화,asiatime.co.kr,노동권_보호,"플랫폼·특수고용 노동자의 권리 보호와 최저임금 적용 확대 중심으로 다루며, 플랫폼 노동자 권리 보호 입장 강조"
플랫폼 노동,플랫폼노동;특수고용;노동권,https://www.youthdaily.co.kr/news/article.html?no=219643,최저임금 위 재개 D-1…노사 '인상 vs 동결' 정면충돌 전망,youthdaily.co.kr,노동권_보호,"플랫폼·특수고용 노동자의 권리 보호와 최저임금 적용 확대 중심으로 다루며, 플랫폼 노동자 권리 보호 입장 강조"
플랫폼 노동,플랫폼노동;특수고용;노동권,https://www.laborplus.co.kr/news/articleView.html?idxno=40894,[위클립] 5월 3주,laborplus.co.kr,노동권_보호,"플랫폼 노동 제도화와 보호 범위 중심으로 다루며, 플랫폼 노동자 권리 보호 입장 강조"
플랫폼 노동,플랫폼노동;특수고용;노동권,http://worknworld.kctu.org/news/articleView.html?idxno=509297,"'ILO 플랫폼 노동 협약 논의' 6월 예정… 민주노총 ""한국 정부, 채택 적...",worknworld.kctu.org,노동권_보호,"플랫폼·특수고용 노동자의 권리 보호와 최저임금 적용 확대 중심으로 다루며, 플랫폼 노동자 권리 보호 입장 강조"
플랫폼 노동,플랫폼노동;특수고용;노동권,https://www.ntoday.co.kr/news/articleView.html?idxno=127088,"[젊치인이 꿈입니다만⑪] 길한샘 ""월 200만원 시민의 삶 바꾸는 정치, 청...",ntoday.co.kr,노동권_보호,"플랫폼 노동 제도화와 보호 범위 중심으로 다루며, 플랫폼 노동자 권리 보호 입장 강조"
플랫폼 노동,플랫폼노동;특수고용;노동권,https://www.laborplus.co.kr/news/articleView.html?idxno=40862,[위클립] 5월 2주,laborplus.co.kr,노동권_보호,"플랫폼 노동 제도화와 보호 범위 중심으로 다루며, 플랫폼 노동자 권리 보호 입장 강조"
플랫폼 노동,플랫폼노동;특수고용;노동권,https://www.ngetnews.com/news/articleView.html?idxno=550290,"노동계 "" 최저임금 제도 손질해야""",ngetnews.com,노동권_보호,"플랫폼·특수고용 노동자의 권리 보호와 최저임금 적용 확대 중심으로 다루며, 플랫폼 노동자 권리 보호 입장 강조"
플랫폼 노동,플랫폼노동;특수고용;노동권,https://www.businesspost.co.kr/BP?command=article_view&num=436688,[Who Is ?] 김영훈 고용 노동부 장관,businesspost.co.kr,노동권_보호,"플랫폼 노동 제도화와 보호 범위 중심으로 다루며, 플랫폼 노동자 권리 보호 입장 강조"
플랫폼 노동,플랫폼노동;특수고용;노동권,https://www.laborplus.co.kr/news/articleView.html?idxno=40806,[위클립] 5월 1주,laborplus.co.kr,노동권_보호,"플랫폼 노동 제도화와 보호 범위 중심으로 다루며, 플랫폼 노동자 권리 보호 입장 강조"
플랫폼 노동,플랫폼노동;특수고용;노동권,http://www.dailypop.kr/news/articleView.html?idxno=98622,"노동부, '일터기본법 패키지' 재추진…지방선거 이후 논의 재개 전망",dailypop.kr,노동권_보호,"플랫폼 노동 제도화와 보호 범위 중심으로 다루며, 플랫폼 노동자 권리 보호 입장 강조"
플랫폼 노동,플랫폼노동;특수고용;노동권,https://www.laborplus.co.kr/news/articleView.html?idxno=40785,[위클립] 4월 5주,laborplus.co.kr,노동권_보호,"플랫폼 노동 제도화와 보호 범위 중심으로 다루며, 플랫폼 노동자 권리 보호 입장 강조"
플랫폼 노동,플랫폼노동;기업부담;유연노동,https://www.labortoday.co.kr/news/articleView.html?idxno=234272,'0원 배달'보다 8천400만명의 권리,labortoday.co.kr,산업_부담,"플랫폼·특수고용 노동자의 권리 보호와 최저임금 적용 확대 중심으로 다루며, 기업 부담과 노동시장 유연성 입장 강조"
플랫폼 노동,플랫폼노동;기업부담;유연노동,https://www.newspim.com/news/view/20260508001379,"[윤동열의 시대유감] 복지는 비용인가, 투자인가…한국형 '일하는 복지...",newspim.com,산업_부담,"플랫폼 노동 제도화와 보호 범위 중심으로 다루며, 기업 부담과 노동시장 유연성 입장 강조"
플랫폼 노동,플랫폼노동;기업부담;유연노동,https://n.news.naver.com/mnews/article/277/0005760037?sid=110,[The View]배달 못 시키는 날: 근로자 추정제가 남길 것들,아시아경제,산업_부담,"플랫폼 노동 제도화와 보호 범위 중심으로 다루며, 기업 부담과 노동시장 유연성 입장 강조"
플랫폼 노동,플랫폼노동;기업부담;유연노동,https://n.news.naver.com/mnews/article/031/0001025951?sid=101,"노동 절 앞두고 멈춘 ' 노동 자 보호' 입법⋯배달업계 ""일단 안도""",아이뉴스24,산업_부담,"플랫폼 노동 제도화와 보호 범위 중심으로 다루며, 기업 부담과 노동시장 유연성 입장 강조"
플랫폼 노동,플랫폼노동;기업부담;유연노동,https://n.news.naver.com/mnews/article/011/0004615766?sid=101,"공정수당 최대 249만원…지급률 8.5%, 퇴직금 환산율보다 높아",서울경제,산업_부담,"플랫폼 노동 제도화와 보호 범위 중심으로 다루며, 기업 부담과 노동시장 유연성 입장 강조"
플랫폼 노동,플랫폼노동;기업부담;유연노동,https://www.hidomin.com/news/articleView.html?idxno=702946,'일터기본법' '근로자추정제' 도입하나,hidomin.com,산업_부담,"플랫폼 노동 제도화와 보호 범위 중심으로 다루며, 기업 부담과 노동시장 유연성 입장 강조"
플랫폼 노동,플랫폼노동;기업부담;유연노동,https://n.news.naver.com/mnews/article/002/0002439235?sid=102,"기간제 사용기간 연장, 유연 안정성…李 정부 노동 정책 구상, 보완점은?",프레시안,산업_부담,"플랫폼 노동 제도화와 보호 범위 중심으로 다루며, 기업 부담과 노동시장 유연성 입장 강조"
플랫폼 노동,플랫폼노동;기업부담;유연노동,https://n.news.naver.com/mnews/article/011/0004614516?sid=110,"[사설] 일터기본법·근로자추정제, 기업 엔 ‘엎친 데 덮친 격’",서울경제,산업_부담,"플랫폼 규제가 기업 부담과 노동시장 유연성에 미치는 영향 중심으로 다루며, 기업 부담과 노동시장 유연성 입장 강조"
플랫폼 노동,플랫폼노동;기업부담;유연노동,https://n.news.naver.com/mnews/article/029/0003023453?sid=110,"[고견을 듣는다] “勞에 경영참여 허용 노란봉투법, 기업 지배구조 무너...",디지털타임스,산업_부담,"플랫폼 규제가 기업 부담과 노동시장 유연성에 미치는 영향 중심으로 다루며, 기업 부담과 노동시장 유연성 입장 강조"
플랫폼 노동,플랫폼노동;기업부담;유연노동,https://www.cbci.co.kr/news/articleView.html?idxno=567324,[정치家] 김영훈 고용 노동 부 장관 ㅣ 노동 ·안전·에너지 등…'현안 총력...,cbci.co.kr,산업_부담,"플랫폼 노동 제도화와 보호 범위 중심으로 다루며, 기업 부담과 노동시장 유연성 입장 강조"
플랫폼 노동,플랫폼노동;기업부담;유연노동,https://n.news.naver.com/mnews/article/020/0003711502?sid=110,[사설]“소상공인 단결권” “자발적 실업수당”… 부작용 눈감으면 非...,동아일보,산업_부담,"플랫폼 노동 제도화와 보호 범위 중심으로 다루며, 기업 부담과 노동시장 유연성 입장 강조"
플랫폼 노동,플랫폼노동;기업부담;유연노동,https://n.news.naver.com/mnews/article/023/0003970092?sid=100,"李대통령, 민주노총 간담회서 “ 노동 자 위한 정책이 노동 자에 피해끼쳐...",조선일보,산업_부담,"플랫폼·특수고용 노동자의 권리 보호와 최저임금 적용 확대 중심으로 다루며, 기업 부담과 노동시장 유연성 입장 강조"
플랫폼 노동,플랫폼노동;기업부담;유연노동,https://www.labortoday.co.kr/news/articleView.html?idxno=233734,"민주노총 만난 이 대통령 ""사회적 대화로 유연 안정성·AI 대응하자""",labortoday.co.kr,산업_부담,"플랫폼·특수고용 노동자의 권리 보호와 최저임금 적용 확대 중심으로 다루며, 기업 부담과 노동시장 유연성 입장 강조"
