issue,keyword
대형마트 새벽배송 / 유통산업발전법 개정,대형마트 새벽배송 유통산업발전법
대형마트 새벽배송 / 유통산업발전법 개정,대형마트 새벽배송 허용
대형마트 새벽배송 / 유통산업발전법 개정,대형마트 새벽배송 전통시장
대형마트 새벽배송 / 유통산업발전법 개정,대형마트 새벽배송 소상공인
대형마트 새벽배송 / 유통산업발전법 개정,대형마트 새벽배송 소비자 편의
대형마트 새벽배송 / 유통산업발전법 개정,대형마트 새벽배송 노동계 반발
대형마트 새벽배송 / 유통산업발전법 개정,유통산업발전법 개정 새벽배송
대형마트 새벽배송 / 유통산업발전법 개정,대형마트 심야영업 규제 완화
배달앱 수수료 / 플랫폼 상생,배달앱 수수료 상생협의체
배달앱 수수료 / 플랫폼 상생,배달앱 수수료 소상공인 부담
배달앱 수수료 / 플랫폼 상생,배달앱 수수료 인하 논의
배달앱 수수료 / 플랫폼 상생,배달앱 수수료 상한제
배달앱 수수료 / 플랫폼 상생,배달앱 플랫폼 규제
배달앱 수수료 / 플랫폼 상생,배달앱 수수료 소비자 부담
배달앱 수수료 / 플랫폼 상생,배달의민족 수수료 논란
배달앱 수수료 / 플랫폼 상생,쿠팡이츠 수수료 소상공인
민생지원금 / 소비쿠폰 / 추경,민생지원금 소비쿠폰
민생지원금 / 소비쿠폰 / 추경,민생회복 소비쿠폰
민생지원금 / 소비쿠폰 / 추경,민생지원금 추경
민생지원금 / 소비쿠폰 / 추경,소비쿠폰 내수 진작
민생지원금 / 소비쿠폰 / 추경,소비쿠폰 소상공인 매출
민생지원금 / 소비쿠폰 / 추경,민생지원금 재정 부담
민생지원금 / 소비쿠폰 / 추경,추경 재정건전성 우려
민생지원금 / 소비쿠폰 / 추경,민생지원금 포퓰리즘 논란
민생지원금 / 소비쿠폰 / 추경,민생지원금 선별지원
민생지원금 / 소비쿠폰 / 추경,지역화폐 소비쿠폰 효과
의료개혁 / 의대 증원,의대 증원 의료개혁
의료개혁 / 의대 증원,의대 증원 정부 입장
의료개혁 / 의대 증원,의대 증원 의료계 반발
의료개혁 / 의대 증원,의대 증원 환자 피해
의료개혁 / 의대 증원,의료공백 환자 피해
의료개혁 / 의대 증원,지역의료 확충 의대 증원
의료개혁 / 의대 증원,필수의료 의대 증원
의료개혁 / 의대 증원,전공의 복귀 의료공백
의료개혁 / 의대 증원,환자단체 의료개혁
의료개혁 / 의대 증원,의료개혁 지역의사제
노란봉투법 / 노동조합법 개정,노란봉투법 시행
노란봉투법 / 노동조합법 개정,노란봉투법 노동계 환영
노란봉투법 / 노동조합법 개정,노란봉투법 경영계 우려
노란봉투법 / 노동조합법 개정,노란봉투법 기업 부담
노란봉투법 / 노동조합법 개정,노란봉투법 손해배상 제한
노란봉투법 / 노동조합법 개정,노란봉투법 하청 노동자
노란봉투법 / 노동조합법 개정,노동조합법 2조 3조 개정
노란봉투법 / 노동조합법 개정,노란봉투법 원청 사용자성
노란봉투법 / 노동조합법 개정,노란봉투법 단체교섭
노란봉투법 / 노동조합법 개정,경총 노란봉투법 우려
AI 반도체 초과이익 재분배 / 사회연대임금,초과이익 재분배 사회연대임금
AI 반도체 초과이익 재분배 / 사회연대임금,AI 반도체 초과이익 재분배
AI 반도체 초과이익 재분배 / 사회연대임금,반도체 초과이익 국민배당금제
AI 반도체 초과이익 재분배 / 사회연대임금,반도체 호황 초과이익 배분
AI 반도체 초과이익 재분배 / 사회연대임금,초과이익 원하청 상생
AI 반도체 초과이익 재분배 / 사회연대임금,초과이익 노동자 격차 해소
AI 반도체 초과이익 재분배 / 사회연대임금,초과이익 경영계 반발
AI 반도체 초과이익 재분배 / 사회연대임금,경총 초과이익 배분
AI 반도체 초과이익 재분배 / 사회연대임금,기업 이익 배분 단체교섭
AI 반도체 초과이익 재분배 / 사회연대임금,초과이익 시장경제 원칙 논란
호황의 이면 / 청년 체감경기 괴리,코스피 호황 청년 고용
호황의 이면 / 청년 체감경기 괴리,반도체 호황 청년 고용
호황의 이면 / 청년 체감경기 괴리,증시 호황 체감경기 괴리
호황의 이면 / 청년 체감경기 괴리,청년 쉬었음 증가
호황의 이면 / 청년 체감경기 괴리,쉬었음 청년 대졸
호황의 이면 / 청년 체감경기 괴리,청년 고용 불안 경제 회복
호황의 이면 / 청년 체감경기 괴리,반도체 성과급 청년 실업
호황의 이면 / 청년 체감경기 괴리,기업 성과급 청년 취업난
호황의 이면 / 청년 체감경기 괴리,경제지표 호황 체감경기
호황의 이면 / 청년 체감경기 괴리,반도체 호황 양극화
AI 가짜뉴스 / 딥페이크 규제,AI 가짜뉴스 규제
AI 가짜뉴스 / 딥페이크 규제,딥페이크 가짜뉴스
AI 가짜뉴스 / 딥페이크 규제,AI 허위정보 확산
AI 가짜뉴스 / 딥페이크 규제,AI 생성 기사 논란
AI 가짜뉴스 / 딥페이크 규제,딥페이크 선거 가짜뉴스
AI 가짜뉴스 / 딥페이크 규제,AI 콘텐츠 표시 의무
AI 가짜뉴스 / 딥페이크 규제,AI 생성물 워터마크
AI 가짜뉴스 / 딥페이크 규제,플랫폼 AI 가짜뉴스 책임
AI 가짜뉴스 / 딥페이크 규제,AI 허위정보 표현의 자유
AI 가짜뉴스 / 딥페이크 규제,AI 가짜뉴스 피해
전세사기 특별법 / 피해자 구제,전세사기 특별법 개정
전세사기 특별법 / 피해자 구제,전세사기 피해자 구제
전세사기 특별법 / 피해자 구제,전세사기 국가 책임
전세사기 특별법 / 피해자 구제,전세사기 피해자 지원
전세사기 특별법 / 피해자 구제,전세사기 재정 부담
전세사기 특별법 / 피해자 구제,전세사기 선구제 후회수
전세사기 특별법 / 피해자 구제,전세사기 청년 피해
전세사기 특별법 / 피해자 구제,전세사기 주거 안정
전세사기 특별법 / 피해자 구제,전세사기 피해주택 관리
6·3 지방선거 투표용지 부족 / 선거관리 논란,6.3 지방선거 투표용지 부족
6·3 지방선거 투표용지 부족 / 선거관리 논란,지방선거 투표용지 부족 사태
6·3 지방선거 투표용지 부족 / 선거관리 논란,6.3 지방선거 선관위 사과
6·3 지방선거 투표용지 부족 / 선거관리 논란,지방선거 참정권 침해
6·3 지방선거 투표용지 부족 / 선거관리 논란,투표용지 부족 개표 중단
6·3 지방선거 투표용지 부족 / 선거관리 논란,투표용지 부족 재선거 요구
6·3 지방선거 투표용지 부족 / 선거관리 논란,송파구 투표용지 부족
6·3 지방선거 투표용지 부족 / 선거관리 논란,잠실7동 투표용지 부족
6·3 지방선거 투표용지 부족 / 선거관리 논란,선관위 투표용지 부족 책임
6·3 지방선거 투표용지 부족 / 선거관리 논란,투표용지 부족 선거무효 소송
6·3 지방선거 투표용지 부족 / 선거관리 논란,투표용지 부족 정치권 공방
6·3 지방선거 투표용지 부족 / 선거관리 논란,6.3 지방선거 부정선거 의혹
