issue,keyword,title,url,source,published_date,snippet,collection_method
대형마트 새벽배송 / 유통산업발전법 개정,대형마트 새벽배송 유통산업발전법,홈플러스 37곳 결국 폐점한다는데…선거 끝났으니 ‘ 새벽배송 ’ 족쇄 풀...,https://www.mk.co.kr/article/12065949,mk.co.kr,2026-06-04,"통해 대형마트 새벽배송 허용을 위한 유통산업발전법 개정 추진 방침을 공식화했다. 당시 당정은 “온라인... 이 마트 와 롯데 마트 , 홈플러스 등은 이미 온라인 주문 처리 시스템을 상당 부분 구축한 상태여서 법 개정 시...",naver_api
대형마트 새벽배송 / 유통산업발전법 개정,대형마트 새벽배송 유통산업발전법,지선 후 대형마트 새벽배송 ·지역화폐 향방은... 유통 ·식품업계 ‘촉각...,https://biz.chosun.com/distribution/channel/2026/06/04/DFPWFE5RX5A5NKXPTH7H3UCRLU/?utm_source=naver&utm_medium=original&utm_campaign=biz,biz.chosun.com,2026-06-04,내용의 유통산업발전법 개정 논의가 진행되고 있다. 법이 바뀌면 대형마트 는 점포를 물류 거점으로 활용해 심야 포장·반출· 배송 을 할 수 있어 새벽배송 이 가능해진다. 대형마트 의무휴업일을 일요일에서 평일로...,naver_api
대형마트 새벽배송 / 유통산업발전법 개정,대형마트 새벽배송 유통산업발전법,6·3 지방선거 이후 대형마트 정책 어디로…규제 완화 ‘속도조절’,https://www.ddaily.co.kr/page/view/2026060508324088155,ddaily.co.kr,2026-06-05,"국회에서는 새벽배송 허용 법안 논의까지 시작됐지만, 이번 선거 결과로 규제 완화 흐름에 제동이 걸릴 수 있다는 관측이 나온다. 유통산업발전법 에 따르면 대형마트 와 기업형슈퍼마켓(SSM)의 의무휴업일 지정과 심야 영업...",naver_api
대형마트 새벽배송 / 유통산업발전법 개정,대형마트 새벽배송 유통산업발전법,[이슈in] 지방선거 끝났다… 유통 법 개정 ' 새벽배송 전쟁' 본격화 초읽기,https://www.newscj.com/news/articleView.html?idxno=3406240,newscj.com,2026-06-03,"대형마트 새벽배송 허용을 담은 유통산업발전법 ( 유통 법) 개정안이 법안심사소위원회 문턱에 올라서면서... 롯데 마트 70여개, 홈플러스 290여개 수준이다. 행정안전부에 등록된 쿠팡 물류 거점은 246개다. 법 개정 시...",naver_api
대형마트 새벽배송 / 유통산업발전법 개정,대형마트 새벽배송 유통산업발전법,지선 이후 유통 판 흔드나… 새벽배송 ·지역화폐·야간경제 ‘정책 대전...,https://www.mydaily.co.kr/page/view/2026060511430130907,mydaily.co.kr,2026-06-05,특히 공약은 아니지만 선거 기간 표심을 의식해 속도가 늦춰졌던 유통산업발전법 개정안 논의가 다시 탄력을 받을 것으로 전망된다. 핵심은 대형마트 의무휴업일이나 심야 영업 제한 등 규제 속에서도 온라인 배송 을...,naver_api
대형마트 새벽배송 / 유통산업발전법 개정,대형마트 새벽배송 허용,"지방선거 끝, '의무휴업' 등 대형마트 규제 완화 논의 주목",https://www.newsis.com/view/NISX20260605_0003657766,newsis.com,2026-06-05,"관련 법 개정안과 연구 보고서, 악화된 업황 등을 마주한 대형마트 측은 정치권 논의에 기대감을 공유하는 모습이다. 특히 이커머스 업체들과 가격 경쟁 등 비용이 발생하는 새벽 배송 보다 의무휴업 규제 완화가...",naver_api
대형마트 새벽배송 / 유통산업발전법 개정,대형마트 새벽배송 허용,"대형마트 규제 풀릴까…선거 끝, 아리송해진 셈법 [언박싱]",https://biz.heraldcorp.com/article/10763338?ref=naver,biz.heraldcorp.com,2026-06-04,심사 대상에 오른 김동아 민주당 의원안과 김성원 국민의힘 의원안 모두 대형마트 의 새벽배송 을 허용 하는 내용을 담고 있다. 다만 중소상인·노동계 반발이 크고 각종 현안이 산적해 있어 논의가 탄력을 받을 수 있을지는...,naver_api
대형마트 새벽배송 / 유통산업발전법 개정,대형마트 새벽배송 소상공인,대형마트 14년 족쇄 풀리나…‘ 새벽배송 ’ 역습 채비,https://www.mediapen.com/news/view/1102661,mediapen.com,2026-06-04,"그간 지방선거를 앞두고 소상공인 과 유통업계 종사자 등 표심 계산으로 논의가 더뎌졌지만, 여야 모두 유통... 대형마트 B사 관계자는 ""전국 대형마트 및 SSM 점포를 새벽배송 물류 거점으로 활용할 수 있게 되면, 새벽배송 ...",naver_api
대형마트 새벽배송 / 유통산업발전법 개정,대형마트 새벽배송 소비자 편의,'24시간 퀵 배송 ' 편의 점의 반란⋯쿠팡·네이버 턱밑 추격,http://www.inews24.com/view/1973837,inews24.com,2026-06-04,"업계 관계자는 "" 대형마트 가 규제로 새벽배송 이 불가한 상황에서 편의 점은 24시간 배송 이 가능한 유일한 오프라인 채널""이라며 ""최근에는 상품군마저 대폭 늘리며 온라인 쇼핑에 익숙해진 소비자 들을 적극 공략하고...",naver_api
대형마트 새벽배송 / 유통산업발전법 개정,대형마트 새벽배송 소비자 편의,대형마트 의무휴업 평일 전환 확산…대전은 왜 멈춰있나,https://www.daejonilbo.com/news/articleView.html?idxno=2279373,daejonilbo.com,2026-06-03,"이어 "" 대형마트 배송 규제를 완화하거나 새벽배송 을 허용해야 한다는 의견이 있는 반면, 의무휴업을 주말에... 다만 소비자 편익 확대와 유통업계 경쟁력 강화, 전통시장 보호라는 상충된 과제가 핵심 쟁점이 될...",naver_api
대형마트 새벽배송 / 유통산업발전법 개정,대형마트 새벽배송 소비자 편의,대형마트 '족쇄' 풀릴까…논의 급물살에 업계 '기대감',https://news.mtn.co.kr/news-detail/2026060113395828823,news.mtn.co.kr,2026-06-01,"이에 따라 업계에서는 새벽배송 허용을 단순한 영업시간 확대가 아닌, 소비자 선택권 확대와 유통산업 경쟁력 회복 차원에서 접근해야 한다는 목소리가 커지고 있다.최근 홈플러스 사태도 대형마트 업계 전반의...",naver_api
대형마트 새벽배송 / 유통산업발전법 개정,대형마트 새벽배송 소비자 편의,"대형마트 새벽배송 풀리나…소상공인 ""헌법소원 가겠다""",https://news.tvchosun.com/site/data/html_dir/2026/05/26/2026052690378.html,news.tvchosun.com,2026-05-26,소상공인 단체들은 “국회가 새벽배송 허용 법안을 강행 처리한다면 헌법재판소에 헌법소원을 청구하겠다”며 관련 법안의 즉각 철회를 요구했다. 대형마트 규제 완화 논의는 소비자 편의 와 유통 경쟁력 강화라는 명분이...,naver_api
대형마트 새벽배송 / 유통산업발전법 개정,대형마트 새벽배송 노동계 반발,마트 '평일휴업· 새벽배송 ' 길 열리나…지방선거 후 논의 전망,https://www.yna.co.kr/view/AKR20260529134300030?input=1195m,yna.co.kr,2026-05-31,"요구하는 노동계 와 골목상권 보호라는 취지를 지켜야 한다는 소상공인이 강하게 반발 하고 있어 법 개정 과정에서 상당한 진통이 예상된다. 민주노총 마트 노조는 최근 연이어 성명서를 내며 ""정부와 여당의 새벽배송 ...",naver_api
대형마트 새벽배송 / 유통산업발전법 개정,대형마트 새벽배송 노동계 반발,온라인 공세에 밀린 대형마트 …규제 완화 논의 재점화,http://www.hansbiz.co.kr/news/articleView.html?idxno=842134,hansbiz.co.kr,2026-06-03,"변화한 유통 환경에 맞춰 제도 개선이 필요하다는 목소리가 커지고 있지만, 노동계 와 소상공인 단체의 반발 도 여전해 논의 과정에서 진통이 예상된다. ◆ 대형마트 새벽배송 길 열리나…유통법 개정 논의 재개 국회...",naver_api
대형마트 새벽배송 / 유통산업발전법 개정,대형마트 새벽배송 노동계 반발,새벽배송 족쇄 풀릴까…6·3 선거 앞두고 대형마트 규제 완화 '촉각',https://daily.hankooki.com/news/articleView.html?idxno=1372629,daily.hankooki.com,2026-06-02,"새벽배송 금지는 지나친 생활 불편을 야기한다""며 규제 완화를 요구하는 목소리를 높이고 있다. 반면 노동계 ... 당정이 올해 초 고위당정협의회 등을 통해 대형마트 새벽배송 허용 추진에 합의했지만, 구체적인 시행 일정은...",naver_api
대형마트 새벽배송 / 유통산업발전법 개정,대형마트 심야영업 규제 완화,""" 대형마트 규제 개선, 실행은?""…유통 B 학점",https://zdnet.co.kr/view/?no=20260527162247,zdnet.co.kr,2026-05-28,국회 산업통상자원중소벤처기업위원회는 대형마트 심야 영업 제한 완화 와 의무 휴업 규제 자율화 등을 담은 유통법 개정안을 법안심사소위원회에 상정했다. 이에 전문가들은 “법 개정을 추진하는 것에는 의미가 있지만...,naver_api
배달앱 수수료 / 플랫폼 상생,배달앱 수수료 상생협의체,"'무료 배송' 다시 꺼낸 쿠팡이츠, 배달앱 '치킨게임' 되풀이?",https://www.bizhankook.com/bk/article/32354,bizhankook.com,2026-05-26,시작 배달앱 사회적 대화기구는 지난해 2월 더불어민주당이 배달 수수료 부담 완화와 라이더 처우 개선 등을 목표로 출범시킨 협의체 다. 하지만 지난해에 이어 올해도 별다른 성과는 없었다. 상생 안 합의에는 실패했는데...,naver_api
배달앱 수수료 / 플랫폼 상생,배달앱 수수료 상생협의체,"[단독] 배달앱 상생 안, 수수료 인하 지우고 '현물지원' 내세워",https://www.newswhoplus.com/news/articleView.html?idxno=60464,newswhoplus.com,2026-05-14,배달앱 상생협의체 초점이 중개 수수료 인하에서 식자재·포장재·배달비 지원 등 현물성 대책으로 옮겨가고 있다. 플랫폼 측은 재무 부담을 이유로 영구적인 수수료 인하에 난색을 보이는 것으로 알려졌지만 점주들은...,naver_api
배달앱 수수료 / 플랫폼 상생,배달앱 수수료 상생협의체,"배달앱 상생 안, 사회적 대화기구로 가능할까 [어떻게 생각하십니까]",http://www.inews24.com/view/1966932,inews24.com,2026-05-12,상생협의체 는 2024년 7월 정부 주도로 출범한 자율 협의체 입니다. 10% 수준까지 올라간 배달 수수료 로 갈등을 겪고 있는 배달앱 과 입점업체 간 합의가 필요하다는 공감대 아래 주요 배달앱 4사(배달의민족·쿠팡이츠...,naver_api
배달앱 수수료 / 플랫폼 상생,배달앱 수수료 상생협의체,선거 앞두고 멈춘 ‘ 배달앱 사회적 대화’…공회전에 커지는 규제 압박,https://www.kukinews.com/article/view/kuk202605210068,kukinews.com,2026-05-22,"배달앱 사회적 대화기구는 지난해 2월 더불어민주당이 배달 수수료 부담 완화와 라이더 처우 개선 등을 목표로 출범시킨 협의체 다. 그러나 지난해에는 뚜렷한 합의 없이 사실상 논의가 멈춰섰고, 이후 조직 재정비와 참여...",naver_api
배달앱 수수료 / 플랫폼 상생,배달앱 수수료 상생협의체,[ET톡] 표류하는 배달앱 사회적 대화,https://www.etnews.com/20260508000261,etnews.com,2026-05-09,현재로서는 부처와 전문가가 적극적으로 중재했던 '배달플랫폼-입점업체 상생협의체 '의 차등요금제가 오히려 현실적인 안을 내놓은 것으로 보일 정도다. 이제 책임은 을지로위원회에 달렸다. 배달앱 사회적 대화기구에서...,naver_api
배달앱 수수료 / 플랫폼 상생,배달앱 수수료 소상공인 부담,"국내 1위 음식 배달앱 은 '배민'… 공공 배달앱 도 ""계속 쓸래"" 긍정적",https://www.mt.co.kr/tech/2026/06/03/2026060314185993540,mt.co.kr,2026-06-03,공공 배달앱 은 지방자치단체가 중심이 돼 소상공인 의 수수료 부담 을 줄이고 지역경제를 활성화하기 위해 도입됐다. 민간 배달앱 에 비해 낮은 중개 수수료 . 지역화폐 결제 기능을 제공하는 게 특징이다. 플랫폼 이용...,naver_api
배달앱 수수료 / 플랫폼 상생,배달앱 수수료 소상공인 부담,“ 배달앱 수수료 공시제 도입해야…데이터 기반 소상공인 정책 연구할 ...,https://www.edaily.co.kr/news/newspath.asp?newsid=02348486645478112,edaily.co.kr,2026-06-03,"“지금 소상공인 정책은 갈등만 남고 방향은 사라졌습니다. 배달플랫폼과 자영업자, 노동계와 경영계... 이 회장은 “지금은 플랫폼마다 수수료 계산 방식이 달라 자영업자들이 실제 비용 부담 을 비교하기조차 쉽지 않은...",naver_api
배달앱 수수료 / 플랫폼 상생,배달앱 수수료 소상공인 부담,"더는 못 버틴다… 소상공인 , 고용정책 대전환 촉구 집결",https://www.m-i.kr/news/articleView.html?idxno=1377677,m-i.kr,2026-06-01,수수료 등 복합적인 비용 부담 으로 생존권이 위협받고 있다며 제도 개선을 촉구하고 나섰다. 소상공인 연합회... 플랫폼과 대기업에 대응하기 위한 소상공인 단결권 보장도 요구안에 포함됐다. 소공연은 배달앱 과 온라인...,naver_api
배달앱 수수료 / 플랫폼 상생,배달앱 수수료 소상공인 부담,소비자· 소상공인 함께 웃는 ‘광진땡겨용 배달전용 상품권’ 4일 발행,https://www.seoul.co.kr/news/publicnews/seoul_local/news_seoul/2026/06/01/20260601500115?wlog_tag3=naver,seoul.co.kr,2026-06-01,공공 배달앱 과 연계해 소상공인 의 수수료 부담 을 줄인다. 추가 환급 행사도 운영한다. 이용자가 땡겨요 앱에서 서울사랑상품권(자치구사랑상품권·땡겨요상품권·광역상품권)으로 결제하면 결제금액의 5.00%를...,naver_api
배달앱 수수료 / 플랫폼 상생,배달앱 수수료 소상공인 부담,[이슈플러스] 매각설·출혈경쟁· 수수료 압박…길 잃은 K배달 플랫폼,https://www.etnews.com/20260528000311,etnews.com,2026-05-28,공정위 규제는 여당인 더불어민주당의 을지로위원회가 운영 중인 배달앱 사회적 대화기구와 맞물려 있다.... 이성희 호서대 경영학부 교수는 “(배달 중개 수수료 제한은) 단기적으로는 소상공인 입장에서 비용이 적게...,naver_api
배달앱 수수료 / 플랫폼 상생,배달앱 수수료 인하 논의,[취재수첩] “또 실패할 것 같다”…냉소 나오는 배달앱 수수료인하 논...,https://www.ddaily.co.kr/page/view/2026051915543714285,ddaily.co.kr,2026-05-20,"배달앱 수수료 인하 를 논의 하겠다며 출범한 사회적대화기구가 결국 또 다시 공회전 조짐을 보이고 있다. 플랫폼과 입점업체, 소상공인 단체들이 한 자리에 모였지만 출범 초기부터 실질적인 합의 도출 가능성에는 물음표가...",naver_api
배달앱 수수료 / 플랫폼 상생,배달앱 수수료 인하 논의,'배민 8조 매각설'이 삼켜버린 ' 수수료 인하 ' 논의,https://www.kpinews.kr/newsView/1065598087217824,kpinews.kr,2026-05-21,배달의민족 운영사 우아한형제들의 매각 논의 가 본격화되면서 가뜩이나 표류하던 수수료 인하 논의 가... [배달의민족] 21일 배달플랫폼 업체들과 입점 소상공인 단체에 따르면 배달앱 수수료 문제가 의제로 부상한 지는...,naver_api
배달앱 수수료 / 플랫폼 상생,배달앱 수수료 인하 논의,"[짧은생각] 수수료 빠진 상생, 비용은 점주 장부에 남았다",https://www.newswhoplus.com/news/articleView.html?idxno=60989,newswhoplus.com,2026-05-25,"배달앱 에 입점한 자영업자와 프랜차이즈 가맹점의 비용 부담을 낮추자는 것이 논의 의 명분이었다. 그런데 협의가 진행될수록 수수료 인하 는 뒤로 밀리고, 식자재 지원과 포장재 지원, 일부 배달비 보조 같은 현물성 대책이...",naver_api
배달앱 수수료 / 플랫폼 상생,배달앱 수수료 상한제,배달앱 상생안? 선택할 수 없는 선택지… 자영업자의 한탄 [추적+],https://www.thescoop.co.kr/news/articleView.html?idxno=310124,thescoop.co.kr,2026-05-08,■ 배달앱 수수료 상한제 = 그러자 한편에선 ' 배달앱 수수료 상한제 를 도입해야 한다'는 목소리도 나온다. 배달앱 수수료 상한제 도입은 이재명 대통령의 대선 후보 시절 공약이기도 하다. 국회에도 ▲'배달앱의...,naver_api
배달앱 수수료 / 플랫폼 상생,배달앱 수수료 상한제,"[인사이드 스토리]""다 같은 '을' 아니다""… 배달앱 상생협 또 '공회전'",https://news.bizwatch.co.kr/article/consumer/2026/05/06/0035,news.bizwatch.co.kr,2026-05-07,"그러면서 이들은 ""상생협의인데 오히려 수수료와 배달비 부담이 늘어난다""며 ""국회와 정부는 배달앱 수수료 상한제 를 즉각 도입해야 한다""고 주장했는데요. 협상이 제대로 되지 않을 경우 법으로 규제해야한다는 겁니다....",naver_api
배달앱 수수료 / 플랫폼 상생,배달앱 수수료 상한제,"[지인엽의 법과 경제] 배달앱 수수료 인하 논쟁, 소비자는 어디에?",https://www.asiatoday.co.kr/kn/view.php?key=20260512010002829,asiatoday.co.kr,2026-05-12,"이 때문에 배달앱 에 수수료 상한제 같은 가격 규제를 적용하는 사례가 늘고 있다. 미국에서는 2020년 샌프란시스코가 처음으로 수수료 상한제 를 도입했고 로스앤젤레스, 시애틀, 뉴욕 등도 유사한 제도를 시행하기...",naver_api
배달앱 수수료 / 플랫폼 상생,배달앱 플랫폼 규제,"""온라인 플랫폼 정책 미흡"" 공정위 뼈아픈 자기 반성",https://www.edaily.co.kr/news/newspath.asp?newsid=01699046645478440,edaily.co.kr,2026-06-04,이는 지난 윤석열 정부가 추진해 온 플랫폼 자율 규제 정책의 한계를 공정위 스스로 인정한 것으로도 해석된다. 정부는 그동안 배달앱 ·숙박앱·모바일상품권 분야에서 민관협의체를 구성해 자율적인 상생협약 체결을...,naver_api
배달앱 수수료 / 플랫폼 상생,배달앱 플랫폼 규제,"中, ' 배달앱 속 유령식당' 퇴출 나선다…식품안전 책임 강화",https://www.yna.co.kr/view/AKR20260602068200083?input=1195m,yna.co.kr,2026-06-02,없이 배달앱 에만 등록해 운영되는 이른바 '유령식당' 퇴출에 나섰다. 배달 플랫폼 의 식품안전 책임을 강화하는 동시에 배달전문점에 대한 관리·감독도 한층 엄격해진다. 2일 중국 관영 신화통신에 따르면 시장 규제 ·감독...,naver_api
배달앱 수수료 / 플랫폼 상생,배달앱 플랫폼 규제,'AI' 전략산업 규정하고 역량 집중… 플랫폼 둘러싼 논의는 '제자리' [이...,http://www.fnnews.com/news/202606041823068620,fnnews.com,2026-06-04,온라인 플랫폼 공정화법(온플법)과 배달앱 수수료 문제 등은 이해관계가 첨예하게 충돌하면서 가시적 성과를 내지 못했다. 플랫폼 규제 를 강화해야 한다는 목소리와 혁신을 위축시킬 수 있다는 우려가 맞서며 상당수...,naver_api
배달앱 수수료 / 플랫폼 상생,배달앱 플랫폼 규제,"[이로운분석] 6·3 지방선거 이후, 기업 규제 환경은 어디로…노동·공정...",https://www.eroun.net/news/articleView.html?idxno=82402,eroun.net,2026-06-04,"플랫폼 기업의 자사상품 우대와 끼워팔기, 최혜대우 요구 등을 규제 하는 내용이 핵심이다. 배달앱 수수료 문제 역시 입법 논의 대상으로 거론된다. 플랫폼 시장의 영향력이 커진 상황에서 정부와 여당이 시장 지배력 규제 를...",naver_api
배달앱 수수료 / 플랫폼 상생,배달앱 플랫폼 규제,[이재명 1년 정책 점검] '온플법' 논의 속도 조절... 규제 와 혁신 사이 '...,https://www.techm.kr/news/articleView.html?idxno=152334,techm.kr,2026-06-04,무역 협상을 두고 미국이 압박의 수위를 높이면서 이재명 정부는 팩트시트에 온라인 플랫폼 규제 와 망... 한국상품학회의 소비자 인식 조사 결과에 따르면 조사에 참여한 배달앱 이용 소비자 중 약 80%가 '수수료 상한제...,naver_api
배달앱 수수료 / 플랫폼 상생,배달앱 수수료 소비자 부담,무료배달에 심야 배달까지… 배달앱 2강 치킨게임 본격화되나,https://www.dailian.co.kr/news/view/1651603/?sc=Naver,dailian.co.kr,2026-06-04,위한 수수료 조정이나 광고비 확대 압력이 커질 수 있어서다. 우선 현재 배달앱 시장 구조상 비용 부담 이 최종적으로 입점 점주에게 전가될 가능성도 배제할 수 없는 상황이다. 한국 소비자 단체협의회 역시 최근의 무료배달...,naver_api
배달앱 수수료 / 플랫폼 상생,배달앱 수수료 소비자 부담,"""수익은 줄고, 위험은 늘고""… 배달앱 새벽배달 확대에 '분통'",https://www.youthdaily.co.kr/news/article.html?no=220133,youthdaily.co.kr,2026-06-04,"이어 ""특히 자영업자 입장에서는 그동안 플랫폼 수수료 부담 없이 확보하던 심야 매출이 플랫폼 생태계... 위험 부담 도 함께 증가하게 된다""고 설명했다. 또 ""플랫폼 기업들은 소비자 편익 확대를 강조하고 있지만...",naver_api
배달앱 수수료 / 플랫폼 상생,배달앱 수수료 소비자 부담,[이재명 1년 정책 점검] 장바구니 부담 낮췄지만 산업은 규제에 발목......,https://www.techm.kr/news/articleView.html?idxno=152335,techm.kr,2026-06-04,"장바구니 부담 낮추기 총력 이재명 정부는 출범 직후부터 생활물가 안정과 소비자 부담 완화를 유통 정책의 핵심 축으로 세웠다. 식품·생필품 가격 관리, 유통 구조 개선, 플랫폼 수수료 문제처럼 소비자 체감도가 높은...",naver_api
배달앱 수수료 / 플랫폼 상생,배달앱 수수료 소비자 부담,매출 늘었다는데 왜?…사장님들 '무료배달' 반대하는 이유,https://view.asiae.co.kr/article/2026052521481345583,view.asiae.co.kr,2026-05-26,"이 요금제에 가입한 이후, 배달앱 에 지불해야 할 중개 수수료 와 배달비가 눈덩이처럼 불어났기 때문이다.... 총 수수료 부담 이 최대 30%까지 늘었다. 같은 기간 소비자 가 부담 해야 할 음식 가격은 2190원 인상됐다. 모회사인...",naver_api
배달앱 수수료 / 플랫폼 상생,배달의민족 수수료 논란,인도네시아 온라인 음식 배달 서비스 시장 트렌드,http://dream.kotra.or.kr/kotranews/cms/news/actionKotraBoardDetail.do?SITE_NO=3&MENU_ID=180&CONTENTS_NO=1&bbsGbn=243&bbsSn=243&pNttSn=241576,dream.kotra.or.kr,2026-06-04,"한국의 배달의민족 ·쿠팡이츠·요기요는 음식 배달 에 특화된 전문 플랫폼인 반면, 인도네시아의 GrabFood... 다만 배달 기사 수익성 문제, 플랫폼 수수료 논란 , 독과점 우려 등은 중장기적으로 주요 위험 요인으로...",naver_api
배달앱 수수료 / 플랫폼 상생,배달의민족 수수료 논란,"공공 배달 앱 이용자 10명 중 8명 ""다시 이용하겠다""",https://www.edaily.co.kr/news/newspath.asp?newsid=02273046645478112,edaily.co.kr,2026-06-03,민간 배달 플랫폼을 둘러싼 수수료 논란 이 이어지는 가운데 공공 배달 앱에 대한 이용자들의 만족도와... 현재 배달 앱 시장은 배달의민족 (50.6%)과 쿠팡이츠(29.5%)가 주도하고 있다. 특히 유료 멤버십과 연계한 할인...,naver_api
배달앱 수수료 / 플랫폼 상생,배달의민족 수수료 논란,' 배달 라이더 보험 의무화' 놓고 찬반 논란,http://www.smedaily.co.kr/news/articleView.html?idxno=358048,smedaily.co.kr,2026-06-02,배달의민족 라이더. 사진/우아한형제들 정부가 배달 라이더들 안전망 강화를 위해 '대인 무한·대물 2000만 원 이상' 유상운송보험 가입을 의무화하자 이를 둘러싸고 찬반 논란 이 일고 있다. 한편에서는 사고시 보장 강화를...,naver_api
배달앱 수수료 / 플랫폼 상생,배달의민족 수수료 논란,‘ 배달 비 0원’의 역설…쿠팡이츠 ‘무료 배달 ’의 진짜 의도는? [핫클립...,https://news.kbs.co.kr/news/pc/view/view.do?ncd=8575091&ref=A,news.kbs.co.kr,2026-06-01,"참여연대가 2년 전 배달의 민족 이 무료 배달 을 시행한 뒤 식당이 부담하는 수수료 변화를 분석해 봤는데요.... 무료 배달 이 아닌 상황인 거죠.""] 이번 무료 배달 확대가 현재 공정거래위원회가 조사 중인 '끼워팔기' 논란 에...",naver_api
배달앱 수수료 / 플랫폼 상생,쿠팡이츠 수수료 소상공인,배민· 쿠팡이츠 대항마 키운다…하나은행 계좌 개설하면 할인쿠폰 지급,https://www.mk.co.kr/article/12065791,mk.co.kr,2026-06-04,"하나은행 관계자는 “이번 프로모션은 소상공인 의 수수료 부담을 덜어주는 착한 플랫폼 먹깨비와의... 먹깨비의 중개 수수료 는 약 1.5% 수준으로, 배달의민족· 쿠팡이츠 ·요기요 등 주요 배달앱(약 2~9%)보다 낮아...",naver_api
민생지원금 / 소비쿠폰 / 추경,민생지원금 소비쿠폰,기장군수 우성빈 “ 민생지원금 100만 원 지급 정부와 함께 지역 발전 도...,https://www.busan.com/view/busan/view.php?code=2026060418322486590,busan.com,2026-06-04,"우 당선인은 이번 선거에서 군민에게 4년간 총 100만 원의 민생지원금 을 지역화폐나 소비쿠폰 형태로 지급하겠다는 공약을 내세웠다. 우 당선인은 기장형 무료 공공셔틀버스 도입, 정관선 조기 완공, 방사선 의·과학 등...",naver_api
민생지원금 / 소비쿠폰 / 추경,민생지원금 소비쿠폰,"NH농협카드, 고유가 피해 지원금 신청 315만건 돌파… 민생 금융 지원 역...",https://www.polinews.co.kr/news/articleView.html?idxno=733225,polinews.co.kr,2026-06-05,"'소상공인 부담경감 크레딧'과 '소상공인 경영안정 바우처' 사업에서는 2년 연속 점유율 1위를 기록했으며, 이번 '고유가 피해 지원금 '과 ' 민생 회복 소비쿠폰 ' 사업에서도 주요 금융 창구로 자리매김하고 있다. 이번...",naver_api
민생지원금 / 소비쿠폰 / 추경,민생지원금 소비쿠폰,"행안부, 소비쿠폰 ·전남광주통합·중수청추진 등 1년 성과 꼽아",https://www.yna.co.kr/view/AKR20260605072500530?input=1195m,yna.co.kr,2026-06-05,행안부는 작년 13조5천억원 규모가 투입된 민생 회복 소비쿠폰 을 ' 민생 경제 회복과 균형성장' 분야 주요... 올해는 6조1천억원 규모의 고유가 피해 지원금 을 지급해 중동 전쟁 여파로 인한 경기 위축에 선제 대응하고...,naver_api
민생지원금 / 소비쿠폰 / 추경,민생지원금 소비쿠폰,"NH농협카드, 고유가 피해 지원금 신청 315만명 돌파",https://www.mt.co.kr/finance/2026/06/05/2026060509070067539,mt.co.kr,2026-06-05,"NH농협카드는 정부 주도 지원금 사업인 '소상공인 부담경감 크레딧', '소상공인 경영안정 바우처' 2년 연속 점유율 1위에 이어 ' 민생 회복 소비쿠폰 ', '고유가 피해 지원금 '에서도 지속적인 성과를 냈다. 오는 7월3일까지...",naver_api
민생지원금 / 소비쿠폰 / 추경,민생지원금 소비쿠폰,"NH농협카드, 고유가 피해 지원금 신청 315만건 넘어",https://www.ziksir.com/news/articleView.html?idxno=135898,ziksir.com,2026-06-05,'소상공인 부담경감 크레딧'과 '소상공인 경영안정 바우처' 사업에서 2년 연속 점유율 1위를 기록한 데 이어 ' 민생 회복 소비쿠폰 '과 고유가 피해 지원금 사업에서도 신청 수요가 집중되고 있다는 설명이다. 회사 측은 온...,naver_api
민생지원금 / 소비쿠폰 / 추경,민생회복 소비쿠폰,"행안부 ""13.5조 소비쿠폰 , 6조 고유가 지원금…지역 경기 개선""",https://view.asiae.co.kr/article/2026060511315254689,view.asiae.co.kr,2026-06-05,지난해 행정안전부는 13조5000억원 규모의 민생회복 소비쿠폰 을 지원해 지역경기 버팀목을 마련했다. '간부 모시는 날' 관행을 타파하고 최대 3000만원의 특별성과포상금 제도도 신설했다. 행안부는 5일 정부 출범 1주년을...,naver_api
민생지원금 / 소비쿠폰 / 추경,민생회복 소비쿠폰,"13.5조 소비쿠폰 ·전남광주 통합 균형발전 등…행안부, 국민주권정부 1...",https://www.newspim.com/news/view/20260605000385,newspim.com,2026-06-05,"[사진=행정안전부] 우선 민생경제 회복을 위해 지난해 13조5000억원 규모의 민생회복소비쿠폰 을 지원하고, 올해는 6조1000억원 규모의 고유가 피해지원금을 지급했다. 행안부에 따르면 소비자심리지수는 지난해 12월 88....",naver_api
민생지원금 / 소비쿠폰 / 추경,민생회복 소비쿠폰,"행안부, 국민주권정부 1년…‘ 민생 ·균형성장·일 잘하는 공직’ 이끌었...",https://www.seoul.co.kr/news/society/2026/06/05/20260605500184?wlog_tag3=naver,seoul.co.kr,2026-06-05,행안부는 지난해 13조 5000억원 규모 민생회복 쿠폰 을 지원하고 올해 6조 1000억원 규모 고유가피해지원금을 지급했다. 이를 통해 위축된 소비 심리를 끌어올려 소상공인 매출 증가 등에 기여했다. 지방자치단체가 발행하는...,naver_api
민생지원금 / 소비쿠폰 / 추경,민생지원금 추경,"울주군, 1차 추경 '1046억' 편성…올해 예산은 1조2917억",https://www.newsis.com/view/NISX20260605_0003657472,newsis.com,2026-06-05,울산 울주군은 올해 제1회 추가경정예산( 추경 )으로 총 1046억원을 편성해 의회에 제출했다고 5일 밝혔다.... 대응 민생 안정·복지 증대'에 385억원을 배정했다. 주요 사업은 ▲고유가 피해 지원금 272억원...,naver_api
민생지원금 / 소비쿠폰 / 추경,민생지원금 추경,"울주군, 올해 첫 추경 예산 1조 2917억 원 편성",https://www.nocutnews.co.kr/news/6528731?utm_source=naver&utm_medium=article&utm_campaign=20260605042656,nocutnews.co.kr,2026-06-05,"이번 추경 안을 편성했다. 분야별 사업을 보면 '고유가 대응 민생 안정·복지 증대'에 385억 원을 배정했다. 고유가 대응을 위한 주요 사업은 고유가 피해 지원금 272억 원, 쓰레기종량제 규격봉투 제작 3억 원...",naver_api
민생지원금 / 소비쿠폰 / 추경,민생지원금 추경,"울주군, 1조 2917억원 추경 … 민생 ·안전·미래 인프라에 힘 싣는다",https://view.asiae.co.kr/article/2026060509182148384,view.asiae.co.kr,2026-06-05,"이번 추경 은 민생 안정과 복지 확대, 재난 대응 역량 강화, 도시 기반시설 확충 등 군민 생활과 직결되는... 특히 고유가 피해 지원금 272억원을 비롯해 쓰레기 종량제 봉투 제작, 경로당 냉·난방비 지원, 사회복지시설...",naver_api
민생지원금 / 소비쿠폰 / 추경,민생지원금 추경,"광주시, 고유가·물가 대응 추경 3천814억 편성",https://www.yna.co.kr/view/AKR20260602102900054?input=1195m,yna.co.kr,2026-06-02,"정부 추경 에 대응해 고유가 피해 지원금 (2천79억원), 의료급여 비용 지급(132억원), 대중교통비 환급(45억원)... 이덕 광주시 예산담당관은 ""중동발 경제위기에 대응한 정부 추경 에 발맞춘 민생 지원 추경 ""이라며 ""시민의...",naver_api
민생지원금 / 소비쿠폰 / 추경,민생지원금 추경,"울산 울주군, 올해 제1회 추경 예산안 1조2917억원 편성",https://www.ksilbo.co.kr/news/articleView.html?idxno=1058669,ksilbo.co.kr,2026-06-05,"피해 지원금 272억원을 포함한 국·시비보조금 389억원 등을 증액 반영했다. 군은 이번 추경 을 통해 민생 안정과 복지 증진, 재난 예방 및 안전 강화, 도시 인프라 확충, 농축산업 지원 등 주요 현안 사업에 재원을...",naver_api
민생지원금 / 소비쿠폰 / 추경,소비쿠폰 내수 진작,"플랫폼 규제는 조율, 소비 는 반등…유통업계 변화는 [이재명 정부 1년]",https://www.kukinews.com/article/view/kuk202606010119,kukinews.com,2026-06-04,"소비쿠폰 효과에 백화점 반등까지…살아난 내수 , 짙어진 양극화 정부가 지난해 경기 부양과 내수 진작 을 위해 시행한 민생회복 소비쿠폰 은 편의점과 동네 상권 등 생활밀착형 유통채널의 매출 증가에 영향을 미쳤다....",naver_api
민생지원금 / 소비쿠폰 / 추경,소비쿠폰 내수 진작,고유가· 내수 침체에도 선방…동행축제 5441억 원 판매고,https://www.news1.kr/industry/sb-founded/6182911,news1.kr,2026-05-31,가혹한 소비 여건 속에서도 상반기 내수 진작 책으로 등판한 '4월 동행축제'가 역대 최대 규모의 소상공인... 중기부가 엄선해 지원하는 '동행 300' 우수 제품 역시 직접 판매 지원과 할인 쿠폰 제공 등 다채로운 온...,naver_api
민생지원금 / 소비쿠폰 / 추경,소비쿠폰 내수 진작,소비쿠폰 13조 덕 늘어난 소상공인 매출 6조...회수에 26년 걸려,https://www.joongang.co.kr/article/25426427,joongang.co.kr,2026-05-07,"앞서 정부는 내수 진작 을 목적으로 지난해 7월 전 국민에게 1인당 15만∼45만원의 민생회복 소비쿠폰 을 1차로 지급하고, 이후 소득 상위 10%를 제외한 국민에게 10만원을 추가 지급했다. 장 소장은 “민생회복...",naver_api
민생지원금 / 소비쿠폰 / 추경,소비쿠폰 내수 진작,"이 대통령 ""적극 재정 통해 내수 활성화해야…긴축재정론 함정 빠져선 ...",http://www.joseilbo.com/news/news_read.php?uid=568108&class=32&grp=,joseilbo.com,2026-05-12,"그러면서 ""지난해에 지급된 민생 회복 소비 쿠폰 이 지역 소상공인 매출을 소비 쿠폰 100만 원 당 추가로 43만... 이 대통령은 다른 여러 분석에서도 즉시에 이뤄진 과감한 재정 투입이 내수 를 진작 하고 경제 전반에 활력을...",naver_api
민생지원금 / 소비쿠폰 / 추경,소비쿠폰 내수 진작,"“나는 왜 안 줘?” 고유가 지원금 2차 신청 시작, 과거 소비 쿠폰 과 비...",https://www.wikitree.co.kr/articles/1137111,wikitree.co.kr,2026-05-18,"정부는 당시 소비 진작 과 내수 회복을 목표로 전국민을 대상으로 단계별 지급 방식을 도입했다. 민생회복 소비쿠폰 은 1차와 2차로 나눠 지급됐다. 1차 지급은 사실상 전국민을 대상으로 이뤄졌고, 2차 지급은 소득 하위 90...",naver_api
민생지원금 / 소비쿠폰 / 추경,소비쿠폰 소상공인 매출,4월 동행축제 매출 5441억…하반기 대규모 소비 축제 예고,https://biz.chosun.com/industry/business-venture/2026/05/31/5KBG2VONAVANFEJB5NMA3WYVKI/?utm_source=naver&utm_medium=original&utm_campaign=biz,biz.chosun.com,2026-05-31,동행축제 대표 상품으로 선정된 ‘동행 300’ 제품도 온라인 직접 판매 지원과 할인 쿠폰 제공 등 다양한... 이를 통해 소비 활성화와 중소기업· 소상공인 의 매출 확대를 지속적으로 지원한다는 방침이다. 한성숙 중기부...,naver_api
민생지원금 / 소비쿠폰 / 추경,소비쿠폰 소상공인 매출,"""수수료 제로에 소비 자 1만3천원 할인""… 하나은행·먹깨비, '착한 금융...",https://www.catchnews.kr/news/articleView.html?idxno=124615,catchnews.kr,2026-06-04,손잡고 소상공인 의 고정비를 제로(0)화하는 동시에 소비 자 혜택을 강화한다. 하나은행은 오는 8월 31일까지 공공배달앱 활성화를 목적으로 먹깨비와 함께 개인 손님 대상 할인 쿠폰 을 제공하는 공동 이벤트를 실시한다....,naver_api
민생지원금 / 소비쿠폰 / 추경,소비쿠폰 소상공인 매출,"민선 9기 앞두고 대전 소상공인 ""위축된 소비 심리 부양 정책 마련을""",https://www.joongdo.co.kr/web/view.php?key=20260604010001263,joongdo.co.kr,2026-06-04,민선 9기 출범을 앞두고 대전지역 소상공인 들은 위축된 소비 심리를 회복할 수 있는 정책이 마련돼야 한다고 목소리를 높이고 있다. 민생 소비쿠폰 과 고유가 피해지원금과 같은 단기적인 자금지원보다 경기 활성화 정책을...,naver_api
민생지원금 / 소비쿠폰 / 추경,민생지원금 재정 부담,"광주시, 3814억원 추경 편성… 민생 회복·고유가 대응 집중",https://www.newscj.com/news/articleView.html?idxno=3406218,newscj.com,2026-06-03,"가장 큰 비중은 민생 회복 지원 분야에 배정됐다. 주요 사업으로는 고유가 피해 지원금 2079억원을 비롯해... 위한 민생 중심 추경""이라며 ""지역경제 회복과 시민 부담 완화를 위해 재정 지원을 차질 없이 추진하겠다""고...",naver_api
민생지원금 / 소비쿠폰 / 추경,민생지원금 재정 부담,"김덕수 혁신당 나주시장 후보 ""생활안정 지원금 50만원 지급""",https://www.news1.kr/local/gwangju-jeonnam/6183141,news1.kr,2026-05-31,원의 '생활안정 지원금 '을 오는 추석과 내년 설 2차례 나주사랑상품권으로 지급한다는 공약을 제시했다. 오는 추석 명절 전에 20만 원을 지급하고 내년 설 명절 전에 30만 원을 지급해 재정 부담 을 줄이는 한편 명절 경기...,naver_api
민생지원금 / 소비쿠폰 / 추경,민생지원금 재정 부담,민생지원금 부정평가 68%,https://www.mk.co.kr/article/12062321,mk.co.kr,2026-05-31,단기적인 경기 부양 효과는 인정하면서도 국가채무 부담 에 따른 재정 건전성 악화와 정책 지속 가능성에... 민생 회복 지원대책에 대해서도 1~2점을 준 응답이 68.4%에 달했다. 재정 을 투입한 부양책의 효과에 대한 부정적...,naver_api
민생지원금 / 소비쿠폰 / 추경,민생지원금 재정 부담,"[李 정부 출범 1년 ‘ 민생 성적표’] 민생 부양 행보, 산재 사망자 수는...",http://www.segyebiz.com/newsView/20260603508100?OutUrl=naver,segyebiz.com,2026-06-03,"지원금 이 생활비 부담 완화와 지역 상권 매출로 연결되면서 지지율 방어 및 상승에 우호적인 환경을 만들었다. 민생 정책이 지지율로 전환되려면 체감 속도가 중요하다는 점을 보여준 사례다. ◆ 재정 투입형 정책, 반복...",naver_api
민생지원금 / 소비쿠폰 / 추경,민생지원금 재정 부담,"[6·3 지선] ""불용예산으로 민생 회복 지원금 ?""…불용예산 의존 재원 마련...",https://www.sentv.co.kr/article/view/sentv202606010048,sentv.co.kr,2026-06-01,특히 번영회는 일부 후보의 공약을 예로 들며 “군민 1인당 100만 원 민생지원금 과 기본소득 지급 공약을 합산하면 462억여 원 규모에 달한다”며 “2025년 함평군 지방세수입과 세외수입 규모를 감안할 때 막대한 재정부담 이...,naver_api
민생지원금 / 소비쿠폰 / 추경,추경 재정건전성 우려,"[박종구 칼럼] 국가채무 1300조 시대, 재정 개혁 더 미룰 수 없다",https://www.dt.co.kr/article/12065401?ref=naver,dt.co.kr,2026-06-01,이란 전쟁으로 인한 중동 사태가 세계 각국의 재정 건전성 을 해칠 것이라는 IMF 경고가 나오고 있다. 한국의 연금지출 증가 속도가 G20 선진국가 중 가장 빠르다는 우려 도 표명했다. 정부는 재정 을 성장과 고용을 위한...,naver_api
민생지원금 / 소비쿠폰 / 추경,추경 재정건전성 우려,​장기수 민주당 천안시장 후보 ‘500억+α 민생 추경 ’ 공식 발표,https://cc.newdaily.co.kr/site/data/html/2026/05/14/2026051400148.html,cc.newdaily.co.kr,2026-05-14,패스트 추경 ’을 단행하겠다고 밝혔다. 장 후보는 현재의 경제 상황을 대기업 호황과 골목 경제 침체가... 특히 장 후보는 시의원 시절부터 다져온 재정 전문가로서의 역량을 강조하며 재정 건전성 우려 에 선을 그었다....,naver_api
민생지원금 / 소비쿠폰 / 추경,추경 재정건전성 우려,"장기수 ""취임 즉시 500억 민생 추경 "". 지역화폐·소상공인 지원 강화",https://www.gukjenews.com/news/articleView.html?idxno=3581650,gukjenews.com,2026-05-14,"재정 건전성 우려 와 관련해서는 ""민생 추경 과 국·도비 대응 사업 등을 충분히 감당할 수 있는 범위 안에서 규모를 결정할 것""이라며 ""철저한 재정 분석을 토대로 꼭 필요한 사업에 우선 투자하겠다""고 밝혔다. 이어...",naver_api
민생지원금 / 소비쿠폰 / 추경,추경 재정건전성 우려,입맛대로 골라 쓴 IMF 자료 - 경제부총리의 발언과 한국 재정 의 실상-,http://www.ifs.or.kr/bbs/board.php?bo_table=News&wr_id=55793,ifs.or.kr,2026-05-24,"하나로 재정건전성 에 관한 우려 를 “근거없다”고 단언하는 것은 매우 “근거가 빈약하다”고... 정부는 재정 확장의 목적이 구조 개혁 뒷받침이라고 설명하지만, 실제 편성된 두 추경 의 항목별...",naver_api
의료개혁 / 의대 증원,의대 증원 의료개혁,"의료개혁 , 의대증원 보다 거버넌스 개혁 이 먼저…“보정심·건정심 정상...",https://www.medigatenews.com/news/82461424,medigatenews.com,2026-06-05,"건강보험정책심의위원회 전경 의대 정원 확대, 필수 의료 강화, 의료 전달체계 개편 등 정부의 의료개혁 ... 특히 의대증원 사태 이후 의료 계는 정부의 정책 결정 과정에 대한 불신을 강하게 드러내 왔다. 이 불신을 해소하지...",naver_api
의료개혁 / 의대 증원,의대 증원 의료개혁,[李정부 1년] 의사 늘리고 1조 투입 '지역·필수·공공' 의료 복원 시동,https://www.news1.kr/bio/general/6180664,news1.kr,2026-05-31,정부가 지역·필수·공공 의료 강화를 의료개혁 핵심 과제로 내세운 배경이다. 의대 증원 ·지역의사제 추진…1조 특별회계도 신설 의사 인력 확충은 이번 의료개혁 의 핵심 축 가운데 하나다. 정부는 의사인력 수급 추계를...,naver_api
의료개혁 / 의대 증원,의대 증원 의료개혁,[단독] 의대 교수 확충 ‘아랫돌 빼 윗돌 괴기’식 땜질 처방 [심층기획...,https://www.segye.com/newsView/20260512515809?OutUrl=naver,segye.com,2026-05-12,김용태 의원은 “기금교수를 전임교수로 전환해 숫자만 맞추는 것은 의료개혁 의 본질을 흐리는 땜질식 대응”이라며 “정부는 의대 증원 속도에 맞는 교수 순증과 실질적인 인프라 확충 계획을 조속히 내놓아야...,naver_api
의료개혁 / 의대 증원,의대 증원 의료개혁,"일차 의료 빠진 의대증원 …대개협 ""구조 개혁 없인 공염불""",https://www.medipana.com/news/articleView.html?idxno=408578,medipana.com,2026-03-23,"구조 개혁 으로 정책 방향을 전환해야 한다고 밝혔다. 박 회장은 ""1차 의료 와 지역 의료 를 살리는 정책 없이는 어떠한 의대 증원 정책도 성공할 수 없다""며 ""국민 건강과 의료 의 미래를 위해 책임 있는 정책 전환이 필요하다""고...",naver_api
의료개혁 / 의대 증원,의대 증원 의료개혁,내년 의대 490명 늘어… 증원 은 의료개혁 의 시작일 뿐,https://kids.donga.com/news/articleView.html?idxno=168174,kids.donga.com,2026-02-20,[4] 의대 증원 은 의료 개혁 의 끝이 아니라 시작이에요. 지역 병원은 일할 사람도 부족하고 시설도 좋지 않아 일이 많고 의료 사고 부담도 커요. 이런 현실을 바꾸지 않으면 지역의사제가 자리잡기 어렵죠. 지역 의사들이...,naver_api
의료개혁 / 의대 증원,의대 증원 정부 입장,"李정부 1년…복지부 ""안전망 구축·과학적 의대 증원 등 성과"" - 연합뉴스",https://news.google.com/rss/articles/CBMiW0FVX3lxTFBmY2pUTTZTeXp2LTZMbTZTWUxrV0YxS3JQOUxoVldjcTU5OGFkMGIyaDhPd3hyemFLWE10RExzVmhtY0c5U3NsMTNINWhibks0WHdaUVJLclNzQ0XSAWBBVV95cUxQQ0JFbjg1WFM1cWFySU8xYm1MX3BTcE84cmRfdmdzclZWbW1UaEJoeEJvWkxGOWhmTUE5b0RjbVc5cVdRVXN6R1ZzYVJEbDFMZmc1NjBBeHFUWHk0TUNINW4?oc=5,연합뉴스,2026-05-31,"李정부 1년…복지부 ""안전망 구축·과학적 의대 증원 등 성과"" 연합뉴스",google_news_rss
의료개혁 / 의대 증원,의대 증원 정부 입장,"의협 ""교육 여건 어렵다…의대정원 증원 절대 반대"" - 의협신문",https://news.google.com/rss/articles/CBMickFVX3lxTE9NcW9FRXBjVExVc2k2VFVvWWNCSGpaQjN3TnVqZEZoQ2NIU2tKLVc0ejNnT0pOM3BWUDFGdkxJTkhfTGRnM1lHNloxZGZ5cGNNc2N2OWw3a014R3lEek5yVlNCZW1lcHpwZm5VVEJPYlQ0dw?oc=5,의협신문,2026-01-22,"의협 ""교육 여건 어렵다…의대정원 증원 절대 반대"" 의협신문",google_news_rss
의료개혁 / 의대 증원,의대 증원 정부 입장,의대 정원 증원에 정치권·의료계·시민단체 입장 제각각 - 병원신문,https://news.google.com/rss/articles/CBMiakFVX3lxTE9uYjVJNXdXLUR0NDJlUXJSRnRXOXN6NUh3RTk5cGpEMnA1S05LMTM4MHkxb1F4SGlSTXBzY0NGLVp1N0FnLWRidWlIQnRJandsNnZhaHEwOGZZZVFINVVlQkhBLXNZLWxsRVE?oc=5,병원신문,2026-02-11,의대 정원 증원에 정치권·의료계·시민단체 입장 제각각 병원신문,google_news_rss
의료개혁 / 의대 증원,의대 증원 정부 입장,"의협 ""의대 증원, 숫자에 매몰된 결정…의학교육 붕괴 초래"" - 조선일보",https://news.google.com/rss/articles/CBMijwFBVV95cUxPOU9mSjRWMExZa2tGOHhpajcyZUJqLURnQ1Y0V1dvWUptdGFEVl9QRFM0N0V5UWdHaVExbDc2NzV4WWJHdXV4TnZhZVZDYl90YTlLb1NBVU5uTi01QVRfZlVSbVRPOTZQUWdyaEJuWlVaX3E3ZUlQZTNoNEptWVpwdUh1RmU4ZXlmWUtpM190SQ?oc=5,조선일보,2026-02-10,"의협 ""의대 증원, 숫자에 매몰된 결정…의학교육 붕괴 초래"" 조선일보",google_news_rss
의료개혁 / 의대 증원,의대 증원 정부 입장,"‘5년 동안 매년 668명 의대 증원’ 발표한 정부, 지역의사제로 정원 늘린다? 🧑‍⚕️ - 뉴닉",https://news.google.com/rss/articles/CBMiU0FVX3lxTFB1Smowd0Y2WERZeWZtVXZ2ZXpYbDNENTF4Ti1Ca2RSR0owaFFvSVpRbUhfOTA5cGNScHBuWXEzYldWblFBYjMxVm5sRHNlX1I0Mm5z?oc=5,뉴닉,2026-02-10,"‘5년 동안 매년 668명 의대 증원’ 발표한 정부, 지역의사제로 정원 늘린다? 🧑‍⚕️ 뉴닉",google_news_rss
의료개혁 / 의대 증원,의대 증원 의료계 반발,"의대 정원, 과학적 증원 …인력 양성 확충[지역·필수·공공의료 강화①...",https://www.newsis.com/view/NISX20260602_0003653989,newsis.com,2026-06-04,"당시 문재인 정부에서는 코로나19 대유행을 겪으며 의료진 부족 사태를 겪었고, 의대 증원 을 추진했으나 의료계 반발 로 한 발 물러섰다. 그리고 이 문제를 코로나19 유행 안정화 이후 재논의하기로 했다. 코로나19...",naver_api
의료개혁 / 의대 증원,의대 증원 의료계 반발,'의료 블랙리스트 유포' 전공의 면허 취소,https://www.hankyung.com/article/2026060350121,hankyung.com,2026-06-03,류씨는 2024년 8~9월 정부의 의대 정원 증원 에 반발 한 의료계 집단행동에 동참하지 않은 의사와 의대 생 등 2974명의 명단을 ‘페이스트빈’ ‘아카이브’ 등 해외 사이트에 21차례 게시한 혐의로 구속 기소됐다. 작년 6월...,naver_api
의료개혁 / 의대 증원,의대 증원 의료계 반발,""" 의대 증원 ·제약 수출 100억불""…복지부, 1주년 성과 어필",https://www.dailypharm.com/user/news/338797?REFERER=NP,dailypharm.com,2026-05-23,직전 윤석열 정부가 의대 정원 2000명 증원 정책으로 의료계 반발 과 필수의료 공백 사태를 촉발했던 문제를 이재명 정부 출범 이후 성공적으로 해결했다는 게 복지부 입장으로 풀이된다. 복지부는 2026년 3058명인...,naver_api
의료개혁 / 의대 증원,의대 증원 의료계 반발,국립의전원법' 본회의 통과… 의료계 반발 에 '제2 의대 사태' 불씨,https://www.ziksir.com/news/articleView.html?idxno=131967,ziksir.com,2026-04-25,[연합뉴스] 공공의료 인력 양성을 위한 국립의학전문대학원 설립 법안이 국회 본회의를 통과하면서 의료계 반발 이 커지고 있다. 의대 증원 과 지역의사제를 둘러싼 갈등이 남아 있는 상황에서 국립의전원까지 별도 의사...,naver_api
의료개혁 / 의대 증원,의대 증원 환자 피해,[칼럼] 감사원도 경고한 의대 실습의 '처참한 미래',http://www.docdocdoc.co.kr/news/articleView.html?idxno=3039165,docdocdoc.co.kr,2026-05-14,"결국 환자 안전과 의료의 질로 되돌아온다. 감사원은 지난 4월 27일 국회 교육위원회에서 제기된 의대 증원 ... 큰 피해 자는 먼저 지방 환자 이며, 다음은 이러한 불완전한 교육 환경에서 수련을 받게 될 의대 생들이다....",naver_api
의료개혁 / 의대 증원,의대 증원 환자 피해,"의대 협 제24대 회장단 취임 "" 의대 증원 , 폰지사기""",http://www.doctorsnews.co.kr/news/articleView.html?idxno=163928,doctorsnews.co.kr,2026-03-31,"특히 정부가 강행 중인 2000명 의대 증원 에 대해 ""교육할 수 없는 수준의 규모""라고 비판하며, 이는 정치권이... 우리 의대 생들의 휴학에 대해 누군가는 ""의사가 없었기 때문에 환자 가 피해 를 본 것이 아니냐?""라고 말합니다....",naver_api
의료개혁 / 의대 증원,의대 증원 환자 피해,"""7천 명 동시 수업 눈앞""… 의대 교육 부실 우려, 해법은?",http://news.ebs.co.kr/ebsnews/allView/60720957/N,news.ebs.co.kr,2026-05-04,"----- 의대 교육의 질이 무너지는 건, 단순히 대학만의 문제가 아닙니다. 결국 그 피해 는 우리 국민 모두의... 장차 환자 의 생명을 다룰 예비 의사들의 핵심 기초 역량을 심각하게 훼손하고 있습니다. 앞으로 해부 실습을...",naver_api
의료개혁 / 의대 증원,의료공백 환자 피해,방글라데시 홍역 사망자 600명 넘었다…'백신 공백 '이 키운 참사,https://www.newsis.com/view/NISX20260604_0003656303,newsis.com,2026-06-04,"유엔아동기금(UNICEF·유니세프)은 이번 사태의 근본 원인으로 '예방접종 공백 '을 꼽았다. 방글라데시에서는... 환자 조기 격리, 산소 치료, 영양 지원 등 의료 대응도 병행돼야 한다는 목소리가 나왔다．",naver_api
의료개혁 / 의대 증원,의료공백 환자 피해,“신규 환자 7일까지만 처방” 비대면진료 규제에 만성질 환자 ‘발동동...,https://www.mk.co.kr/article/12058693,mk.co.kr,2026-05-27,의료 계에서는 만성질 환자 의 진료 연속성이 끊어지고 야간 소아진료 공백 등 심각한 의료 접근성 저하가... 불가 피해 져 환자 의 의료 비와 시간 부담 등 사회적 비용이 커질 수 있다”며 “비대면진료의 안전성과...,naver_api
의료개혁 / 의대 증원,의료공백 환자 피해,[단독] 2027의대 MMI 어떻게 나올까 'AI시대 의사 역할'.. 'AI 의료 윤리/...,https://www.veritas-a.com/news/articleView.html?idxno=611869,veritas-a.com,2026-05-28,"응급 환자 이송 과정에서 발생하는 의료 공백 상황을 통해 의사의 책임과 판단을 물었다. 단순히 개인 의견을... 제시문은 의학 발전을 위해 매년 대규모로 사용되는 실험용 쥐와, 농작물 피해 를 이유로 정부 차원의 쥐잡기...",naver_api
의료개혁 / 의대 증원,의료공백 환자 피해,"의료 계 ""' 환자 안전 위협' 의료 기사법 개정, 강행하면 전방위 대응""",https://biz.sbs.co.kr/article_hub/20000311366?division=NAVER,biz.sbs.co.kr,2026-05-19,"상정된 의료 기사법 개정안(남인순·최보윤 의원 대표발의)에 대해 ""책임 공백 으로 인해 환자 안전에 미칠... 돼 피해 는 국민에게 돌아갈 것""이라고 주장했습니다. 의료 계는 처방을 내린 의사·치과의사와 다른 의료 기관에...",naver_api
의료개혁 / 의대 증원,의료공백 환자 피해,"의료 기사법 심사 앞두고 의사·치과의사 반발 확산… "" 환자 안전 위협""",https://it.chosun.com/news/articleView.html?idxno=2023092162404,it.chosun.com,2026-05-19,"현장에서는 환자 안전 공백 이 커질 가능성이 높다""고 말했다. 그는 또 ""물리치료사 방문재활은 정부 로드맵상... 하고 의료 기사는 '처방대로 했다'고 하게 될 것""이라며 ""결국 가장 큰 피해 는 환자 와 가족에게 돌아갈 수밖에...",naver_api
의료개혁 / 의대 증원,지역의료 확충 의대 증원,"李정부 1년…복지부 ""안전망 구축·과학적 의대 증원 등 성과""",https://www.yna.co.kr/view/AKR20260529167600530?input=1195m,yna.co.kr,2026-05-31,"과학적·민주적 의대 정원 증원 등 지역 ·필수·공공 의료 기반 구축을 꼽았다. 복지부는 31일 이런 내용을... 보건 의료 의 공공성을 강화하며 국가 성장 동력 기반을 확충 하는 시간이었다""며 ""앞으로도 복지부는 모든 국민이...",naver_api
의료개혁 / 의대 증원,지역의료 확충 의대 증원,의대 정원 확대·통합돌봄 전국 시행…제약·바이오 수출도 최대,https://www.edaily.co.kr/news/newspath.asp?newsid=01521926645454496,edaily.co.kr,2026-05-31,"의대 정원 5년간 총 3342명 증원 , 지역 사회 통합돌봄 전국 시행, 제약·바이오 수출액 첫 100억달러 돌파.... 보건 의료 의 공공성을 강화하며 국가 성장 동력 기반을 확충 하는 시간이었다”고 말했다. 이어 “모든 국민이...",naver_api
의료개혁 / 의대 증원,지역의료 확충 의대 증원,"복지부 ""이재명 정부 1년 과학적·민주적 의대 증원 성과""",https://www.kado.net/news/articleView.html?idxno=2053113,kado.net,2026-05-31,5년간 의대 정원 3342명 증원 을 포함한 의료 인력 확충 계획을 전면에 내세웠다. 복지부는 31일 발표한 '이재명 정부 1주년 보건복지 주요 성과'에서 지역 ·필수·공공 의료 기반 구축을 핵심 성과 중 하나로 꼽았다. 특히...,naver_api
의료개혁 / 의대 증원,필수의료 의대 증원,"복지부 ""과학적 의대 증원 ·응급 의료 체계 마련""",https://www.dailymedi.com/news/news_view.php?wr_id=936932,dailymedi.com,2026-05-31,"특히 과학적 수급추계 및 민주적 논의 기반 의대 정원 증원 , 지역· 필수 ·공공 의료 강화를 위한 6대 필수 입법 완수, 국민의 생명을 살리는 응급 의료 체계 개선 등은 최대 성과로 꼽혔다. 보건복지부는 31일 이 같은 내용의...",naver_api
의료개혁 / 의대 증원,전공의 복귀 의료공백,전공의 들이 '윤석열 전 대통령 법정 최고형 선고' 진정서를 특검에 제출...,https://www.wikitree.co.kr/articles/1139449,wikitree.co.kr,2026-06-02,"맞섰고 의료 공백 사태가 장기화했다. 이러한 갈등 국면 가운데 2024년 12월 3일 윤석열 당시 대통령은 비상계엄을 전격 선포했다. 1980년 이후 처음 발령된 계엄 정국에서 포고령 제1호가 발표됐고, 여기에 전공의 복귀 를...",naver_api
의료개혁 / 의대 증원,전공의 복귀 의료공백,"전공의 떠난 외과병동, PA가 메웠다…""현실 반영 제도화 필요""",http://www.docdocdoc.co.kr/news/articleView.html?idxno=3039596,docdocdoc.co.kr,2026-06-01,"첫날 ' 전공의 공백 전·후 외과 임상현장의 변화와 전문간호사의 역할 재정의' 세션을 진행했다. 해당... 재택 의료 대응을 위해 21개 범주 38개 특정 의료 행위를 프로토콜화해 인정간호사제도를 운영하고 있다""고 말했다....",naver_api
의료개혁 / 의대 증원,전공의 복귀 의료공백,“전담간호사· 전공의 ·교수 역할 재설계 필요…팀 기반 협업체계로 가...,http://www.whosaeng.com/sub_read.html?uid=170959&section=sc3,whosaeng.com,2026-05-30,"이후 의료 현장의 구조 재편이 가속화되는 가운데, 고려대학교안산병원 대장항문외과 지웅배 교수가 지속 가능한 외과 임상 모델 구축 필요성을 강조했다. 특히 전공의 근무시간 단축과 인력 공백 속에서 전담간호사(PA)...",naver_api
의료개혁 / 의대 증원,전공의 복귀 의료공백,현장 의사들이 말하는 지역의사제의 현실 | “의무 복무 의사 늘릴수록...,http://monthly.chosun.com/client/news/viw.asp?ctcd=C&nNewsNumb=202606100042,monthly.chosun.com,2026-05-26,“지역의사제 도입으로 지역 의료 현장의 인력 구조가 교란되어 기존 지역의사들의 이탈과 장기적 의료 공백 ... 필수 의료 를 더 기피합니다. 정부만 모르는 지역 의료 붕괴의 핵심 원인은 수가(酬價) 제도 때문입니다. 전공의 ...,naver_api
노란봉투법 / 노동조합법 개정,노란봉투법 시행,"노란봉투법 첫 기각 판단, 재심서 뒤집혀…중흥 사용자성 인정",https://www.yna.co.kr/view/AKR20260604193800530?input=1195m,yna.co.kr,2026-06-04,이번 판단은 노란봉투법 시행 후 중노위에서 나온 첫 재심 판정이다. 앞서 노조는 두 회사를 상대로 단체 교섭을 요구했으나 회사 측이 응하지 않자 지난 3월 24일 전남지노위에 교섭요구 사실 공고 신청을 냈다. 노조는...,naver_api
노란봉투법 / 노동조합법 개정,노란봉투법 시행,"중노위, ‘ 노란봉투법 ’ 시행 후 첫 판정…하청노조 교섭권 인정",https://www.sedaily.com/article/20052003?ref=naver,sedaily.com,2026-06-04,중앙노동위원회가 개정 노동조합법(일명 노란봉투법 ) 시행 이후 처음으로 ‘원·하청 단체교섭 사건’에서 하청 노동조합의 교섭권을 인정했다. 초심인 지방노동위원회의 판정을 뒤집은 결과다. 중노위는 10일...,naver_api
노란봉투법 / 노동조합법 개정,노란봉투법 시행,"노란봉투법 첫 기각 판단, 재심서 뒤집혀…중노위, 중흥 사용자성 인정",https://news.sbs.co.kr/news/endPage.do?news_id=N1008595656&plink=ORI&cooper=NAVER,news.sbs.co.kr,2026-06-04,이번 판단은 노란봉투법 시행 후 중노위에서 나온 첫 재심 판정입니다. 앞서 노조는 두 회사를 상대로 단체 교섭을 요구했으나 회사 측이 응하지 않자 지난 3월 24일 전남 지노위에 교섭요구 사실 공고 신청을 냈습니다....,naver_api
노란봉투법 / 노동조합법 개정,노란봉투법 시행,"노란봉투법 첫 재심 판정 나왔다…중노위, 중흥건설 사용자성 인정",https://www.hankyung.com/article/2026060483781,hankyung.com,2026-06-05,개정 노동조합법( 노란봉투법 ) 시행 이후 원청의 사용자성을 둘러싼 중노위의 첫 재심 판단이다. 하청 노조의 교섭 요구가 증가하는 건설업계를 중심으로 적지 않은 파급효과가 예상된다. 4일 중노위는 한국노동조합총연맹...,naver_api
노란봉투법 / 노동조합법 개정,노란봉투법 시행,노란봉투법 첫 판정…노조 측 승리,https://www.bntnews.co.kr/article/view/bnt202606050007,bntnews.co.kr,2026-06-05,중흥건설 원청 기업과 하청 노조의 교섭을 허용한 이른바 ' 노란봉투법 ' 시행 이후 첫 중앙노동위원회(중노위) 재심 판정이 나왔다. 중노위는 원청의 사용자성을 인정하며 노조 측 손을 들어줬다. 중노위는 4일...,naver_api
노란봉투법 / 노동조합법 개정,노란봉투법 노동계 환영,[李 정부 1년①] ‘ 노란봉투법 ’ 달리고 ‘정년 연장’ 멈췄다…노동 정...,http://www.worklaw.co.kr/view/view.asp?accessSite=Naver&accessMethod=Search&accessMenu=News&in_cate=124&in_cate2=0&gopage=1&bi_pidx=39240,worklaw.co.kr,2026-06-04,"노란봉투법 ) 시행과 산업재해 감축 등에서는 체감할 만한 성과를 거뒀다는 평가가 나오지만, 핵심 현안인 정년 연장에서는 좀처럼 속도를 내지 못하고 있다는 평가가 나온다. 노동계 는 정부의 친노동 정책을 환영 하면서도...",naver_api
노란봉투법 / 노동조합법 개정,노란봉투법 노동계 환영,"노란봉투법 시행 첫날 노동계 는 환영 , 경영계는 우려 '온도차'",https://www.joongdo.co.kr/web/view.php?key=20260310010003197,joongdo.co.kr,2026-03-10,"노동계 는 실질적인 사용자와 교섭할 수 있는 길이 열렸다며 환영 의 뜻을 밝힌 반면, 경영계는 정부가 마련한 교섭 절차 매뉴얼을 노조가 준수해야 한다며 우려감을 나타내고 있기 때문이다. 노란봉투법 으로 불리는 개정...",naver_api
노란봉투법 / 노동조합법 개정,노란봉투법 노동계 환영,[ABC 뉴스룸] 노란봉투법 시행 하루 앞으로…'하청보호vs경영위축' 갑론...,https://www.ajunews.com/view/20260309174734111,ajunews.com,2026-03-09,"노란봉투법 시행에 노동계 에선 환영 의 뜻을 보입니다. 이지현 한국노총 대변인은 ABC와의 서면 인터뷰에서 ""오래 기다려온 노란봉투법 이 시행된다 ""원청의 사용자 책임을 명확히 하는 것은 과제""라 말했습니다. 그러면서...",naver_api
노란봉투법 / 노동조합법 개정,노란봉투법 노동계 환영,"노란봉투법 , 노동계 환영 ·재계 우려 속 국회 통과",http://www.srtimes.kr/news/articleView.html?idxno=184205,srtimes.kr,2025-08-24,"노란봉투법 의 핵심은 노동자 권리 확대다. 사용자의 범위를 넓히고 노동쟁의 대상을 확장했으며, 파업 노동자에게 제기되는 손해배상 청구를 제한하는 내용이 담겼다. 노동계 는 즉각 환영 입장을 밝혔다. 민주노총...",naver_api
노란봉투법 / 노동조합법 개정,노란봉투법 노동계 환영,IT 노동계 “ 노란봉투법 시행 환영 … 플랫폼 기업 책임 회피 끝내야”,https://www.asiatime.co.kr/article/20260310500030,asiatime.co.kr,2026-03-10,“이를 계기로 발전적인 노사관계 구축돼야” IT 노동계 가 하청·간접고용 노동자의 교섭권 강화와 원청 기업의 사용자 책임 범위 확대를 골자로 한 이른바 ' 노란봉투법 ' 시행에 환영 의 뜻을 표명했다. 이들은 IT 플랫폼...,naver_api
노란봉투법 / 노동조합법 개정,노란봉투법 경영계 우려,노란봉투법 시행 후 교섭 상황에 대한 평가와 향후 과제,http://www.worklaw.co.kr/view/view.asp?accessSite=Naver&accessMethod=Search&accessMenu=News&in_cate=102&in_cate2=0&gopage=1&bi_pidx=39221,worklaw.co.kr,2026-06-05,그러기에 경영계 의 우려 와 보완 의견 역시 다른 각도의 이해로서 신중히 경청해야 한다. 그러나 노란봉투법 의... 다만 여기서 중요한 점은 법 시행이 곧 안정적 노사관계 질서의 완성을 의미하지 않는다는 것이다. 새로운...,naver_api
노란봉투법 / 노동조합법 개정,노란봉투법 경영계 우려,취지 무색한 ' 노란봉투법 '… 대기업 성과급 투쟁·노노갈등 부작용 논란,https://www.newscj.com/news/articleView.html?idxno=3406679,newscj.com,2026-06-04,하청 노동자의 교섭권 강화를 위해 도입된 노란봉투법 (노동조합 및 노동관계조정법 제2·3조 개정안)이 시행 석 달째를 맞은 가운데 법 적용 범위가 당초 취지를 넘어 확대되고 있다는 우려 가 나오고 있다. 하청 노동자...,naver_api
노란봉투법 / 노동조합법 개정,노란봉투법 경영계 우려,"임금-복지 늘리자던 노조, 노란봉투법 뒤 “아예 이익 나눠달라”",https://www.donga.com/news/Society/article/all/20260601/134025751/2,donga.com,2026-06-01,있다고 우려 하고 있다. 실제 2021년 팬데믹 당시 실적 호황으로 게임업계에서 시작된 급격한 보상 확대는... ● 투쟁 목적 바꾼 노란봉투법 경영계 는 올해 3월 시행된 노란봉투법 (노동조합법 제2·3조 개정안)이 노조의 교섭...,naver_api
노란봉투법 / 노동조합법 개정,노란봉투법 경영계 우려,고무줄 노란봉투법 에 재심·불복 악순환 … 기업들 '대혼란',https://www.mk.co.kr/article/12063302,mk.co.kr,2026-06-01,늘리는 ' 노란봉투법 '을 둘러싸고 노사갈등이 하루가 다르게 깊어지고 있다. 뚜렷한 기준 없이 내려지는... 경영계 에서는 '지방노동위·중앙노동위·행정법원·고등법원·대법원'으로 이어지는 사실상 '5심제'의 출발점부터...,naver_api
노란봉투법 / 노동조합법 개정,노란봉투법 경영계 우려,'소급적용' 막혔지만…' 노란봉투법 ' 경영리스크 이제 시작,https://news.tvchosun.com/site/data/html_dir/2026/05/22/2026052290285.html,news.tvchosun.com,2026-05-22,"소급 불가 의견을 낸 이숙연 대법관도 ""향후 노란봉투법 이 적용되는 사건에선 입법적 결단을 존중해 법을 해석하고 적용할 것""이라고 했습니다. 경영계 는 우려 하고 있습니다. 석병훈 / 이화여대 경제학과 교수...",naver_api
노란봉투법 / 노동조합법 개정,노란봉투법 기업 부담,노란봉투법 이 벼랑 끝 건설 생태계에 미치는 영향,https://www.polinews.co.kr/news/articleView.html?idxno=733241,polinews.co.kr,2026-06-05,원자재와 인건비 부담 이 누적되면서 공사비 지수는 133.69로 6개월 연속 사상 최고치를 기록하며 현장의... 노란봉투법 시행 3개월만에 500대 기업 외주 인력 6만 명이 감소했다. 그중 상당수는 건설현장의 일용직과 외국인...,naver_api
노란봉투법 / 노동조합법 개정,노란봉투법 손해배상 제한,[李정부 1년]산재사망·체불 동반 감소…' 노란봉투법 ' 안착은 숙제,https://www.newsis.com/view/NISX20260601_0003652614,newsis.com,2026-06-02,"법 사각지대 보호 등은 해결해야 할 과제로 남아 있다. 우선 노동부는 3월 10일 노란봉투법 시행과 함께 사용자성 판단 지침과 가이드라인을 내놨다. 하지만 원청의 교섭의무 범위, 쟁의행위 정당성, 손해배상 청구 제한 ...",naver_api
노란봉투법 / 노동조합법 개정,노란봉투법 손해배상 제한,노란봉투법 불 지르고 삼전 기름 부었나…바이오 업계도 '비상',https://www.mediapen.com/news/view/1102251,mediapen.com,2026-06-02,노동조합 및 노동관계조정법 2·3조 개정안인 노란봉투법 은 파업 등 쟁의행위에 대한 손해배상 청구 범위를 제한 하고 사용자 범위를 확대하는 내용을 담고 있다. 이는 노동계의 교섭력이 한층 커질 수 있는 제도적 계기가...,naver_api
노란봉투법 / 노동조합법 개정,노란봉투법 손해배상 제한,[이재명 정부 1년] 노란봉투법 시행···기업 문화도 바뀐다,https://www.seoulfn.com/news/articleView.html?idxno=629626,seoulfn.com,2026-06-01,"다만 손해배상 청구를 제한 한다는 부분을 두고 경영계에서는 ""파업이 더 쉬워지도록 했다""고 보고 있어 파업에 따른 노란봉투법 의 책임은 당분간 이어질 것으로 보인다. ◇ 노조의 경영 참여 확대될 듯···노사 상생...",naver_api
노란봉투법 / 노동조합법 개정,노란봉투법 하청 노동자,' 노란봉투법 ' 두고…노동계 내 전문가들간 의견 엇갈려,https://www.newsis.com/view/NISX20260605_0003657746,newsis.com,2026-06-05,노란봉투법 (개정 노동조합법)을 두고 노동계 내에서도 전문가들의 의견이 엇갈렸다. 특히 교섭창구 단일화... 윤애림 노동자 권리연구소 소장은 발제를 통해 개정 노조법 시행령의 위헌성과 작동 불가능성에 대해 지적했다....,naver_api
노란봉투법 / 노동조합법 개정,노란봉투법 하청 노동자,"중노위, 타워크레인 노조에 원청과 교섭권 인정…‘ 노란봉투법 ’ 첫 재...",https://www.hani.co.kr/arti/society/labor/1262107.html,hani.co.kr,2026-06-05,대한 하청 노조인 타워크레인 노조의 교섭권을 인정했다. ‘ 노란봉투법 ’과 관련해 중노위가 초심 판정을... 이들은 5일 입장문을 내 “ 하청 인 타워크레인 노동자 가 원청 건설사를 상대로 산업안전에 대해서 대화의 물꼬를...,naver_api
노란봉투법 / 노동조합법 개정,노란봉투법 하청 노동자,"‘ 노란봉투법 ’ 중노위 첫 판단…“건설사, 타워크레인의 사용자”",https://news.kbs.co.kr/news/pc/view/view.do?ncd=8578268&ref=A,news.kbs.co.kr,2026-06-04,"원청 회사와 하청 노조의 교섭을 허용한 개정 노동조합법, 일명 ‘ 노란봉투법 ’ 시행 이후 첫 중앙노동위원회... 중노위는 지노위의 결정을 취소하고 해당 건설사들이 타워크레인 노동자 에 대해 원청 건설사인 중흥 측이...",naver_api
노란봉투법 / 노동조합법 개정,노란봉투법 하청 노동자,"중노위, 중흥토건·중흥건설 하청 노조 사용자성 인정",https://www.kukinews.com/article/view/kuk202606050024,kukinews.com,2026-06-05,노란봉투법 은 사용자 범위를 확대해 근로자와 직접 고용계약을 체결한 업체뿐 아니라 원청업체에도 사용자로서의 책임과 의무를 부과하는 내용을 담고 있다. 또한 노동자 의 권리를 강화하고 기업의 과도한 손해배상...,naver_api
노란봉투법 / 노동조합법 개정,노란봉투법 하청 노동자,"노란봉투법 첫 기각, 타워크레인 노조 뒤집었다",https://www.safetimes.co.kr/news/articleView.html?idxno=243251,safetimes.co.kr,2026-06-05,중앙노동위원회가 중흥토건·중흥건설도 타워크레인 하청 노동자 의 안전 문제 교섭에 응해야 한다는 취지의 판단을 내렸다. 노란봉투법 시행 이후 원청 사용자성을 둘러싸고 노동위원회가 처음 기각했던 사건이 재심에서...,naver_api
노란봉투법 / 노동조합법 개정,노동조합법 2조 3조 개정,"원청의 사용자성, 신중하게 판단돼야 [화우의 노동 인사이트]",https://www.hankyung.com/article/202605283588i,hankyung.com,2026-05-28,"노란봉투법 시행 이후…교섭 구조 변화 지난 3월 10일 이른바 '노란봉투법'으로 알려진 개정 노동조합 및 노동 관계조정법(이하 ' 노동조합법 ') 제 2조 , 제 3조 가 시행됐다. 법 시행 이후 하청 노동조합 들의 원청에 대한 직접...",naver_api
노란봉투법 / 노동조합법 개정,노동조합법 2조 3조 개정,"대법 ""HD현대중, 하청노조 단체교섭의무 없어…구 노동조합법 적용""",http://www.yonhapnewstv.co.kr/news/AKR20260521142732AZs,yonhapnewstv.co.kr,2026-05-21,"대법원 다수의견은 ""(노란봉투법 시행 전인) 구 노동조합법 2조 가 적용되는 사안에서 '단체교섭의무를... 그러는 사이 올해 3월 노사 관계에서 사용자의 범위를 확대하는 내용의 노란봉투법( 개정 노동조합법 2· 3조 )이...",naver_api
노란봉투법 / 노동조합법 개정,노동조합법 2조 3조 개정,"대법, 노봉법 시행 전 원청의 하청 노동 자 ‘사용자성’ 불인정",https://www.joongang.co.kr/article/25430299,joongang.co.kr,2026-05-21,대법원이 노란봉투법( 노동조합 및 노동 관계 조정법 2· 3조 개정 안) 시행 전 하청업체가 제기한 원청의... 대법원 다수의견은 “구(舊) 노동조합법 2조 가 적용되는 사안에서 ‘단체교섭 의무를 부담하는 사용자’에 관한...,naver_api
노란봉투법 / 노동조합법 개정,노동조합법 2조 3조 개정,"대법원 ""HD현대중, 하청노조 단체교섭의무 없어…구 노동조합법 적용""",https://biz.sbs.co.kr/article_hub/20000311903?division=NAVER,biz.sbs.co.kr,2026-05-21,"노란봉투법( 개정 노동조합법 2· 3조 ) 시행 전 사안이라면 원청의 사용자성은 '근로자를 지휘·감독하면서... 대법원 다수의견은 ""(노란봉투법 시행 전인) 구 노동조합법 2조 가 적용되는 사안에서 '단체교섭의무를 부담하는...",naver_api
노란봉투법 / 노동조합법 개정,노동조합법 2조 3조 개정,"하청 노동 자 권리 넓힌 노란봉투법, ""기준 모호, 산업 현장 혼란""",https://www.idomin.com/news/articleView.html?idxno=2005580,idomin.com,2026-05-12,"노란봉투법은 노동조합 및 노동 관계조정법 제 2조 와 제 3조 를 고친 법이다. 개정 법은 근로계약을 직접 맺지... 있는 노동 자들의 노조할 권리를 제대로 인정하는 것이 시급하다""고 말했다. 사용자 쪽은 법 시행 이후 산업현장의...",naver_api
노란봉투법 / 노동조합법 개정,노란봉투법 원청 사용자성,' 노란봉투법 ' 중노위 첫 재심서…중흥건설 사용자성 인정,https://www.newsis.com/view/NISX20260604_0003657028,newsis.com,2026-06-04,중앙노동위원회가 원청 의 사용자성 을 직접 판단하는 첫 재심에서 지방노동위원회의 판정을 뒤집었다. 중노위는 4일 한국타워크레인조종사노동조합이 중흥건설 및 중흥토건을 상대로 제기한 '교섭요구 사실의 공고에...,naver_api
AI 반도체 초과이익 재분배 / 사회연대임금,초과이익 재분배 사회연대임금,"김영훈 “반도체 초과 이익 , 협력업체 납품 가격 조정해 나눠야”",https://www.hani.co.kr/arti/society/labor/1262127.html,hani.co.kr,2026-06-05,김 장관은 지난달 27일 열린 출입기자 간담회에서 ‘한국형 사회연대 임금 정책’을 언급하며 재분배 의제를 사회 적 대화를 통해 논의하겠다고 밝힌 바 있다. 김 장관은 ‘ 초과이익 재분배 ’ 제안에 대해 국민의힘을...,naver_api
AI 반도체 초과이익 재분배 / 사회연대임금,초과이익 재분배 사회연대임금,[이정훈 칼럼] 초과이익 논의가 놓치고 있는 것,https://www.edaily.co.kr/news/newspath.asp?newsid=05585846645478440,edaily.co.kr,2026-06-04,"“대기업의 초과이익 을 어떻게 사회 적으로 재분배 할 것인가를 두고 한국형 사회연대임금 의 가능성을 모색하는 긴급 시론을 열겠다”고 밝힌 것이 애초 발단이 됐고, 이후 청와대가 “토론회에서 다양한 공론화 기회가...",naver_api
AI 반도체 초과이익 재분배 / 사회연대임금,초과이익 재분배 사회연대임금,AI발 ' 초과이익 ' 재분배 론 부상…시장경제 원칙 훼손 지적도,https://www.yna.co.kr/view/AKR20260529127000530?input=1195m,yna.co.kr,2026-05-31,"조만간 '한국형 사회연대임금 정책 가능성 모색에 관한 긴급토론회'를 개최할 예정이다. 김영훈 노동부 장관은 지난 27일 출입기자단 차담회에서 ""대기업의 초과이익 을 어떻게 사회 적 분배할 것인가에 대한 유일한 해법은...",naver_api
AI 반도체 초과이익 재분배 / 사회연대임금,초과이익 재분배 사회연대임금,반도체 초과이익 두고 시각차…노동장관 “분배 필요” vs. 산업장관 “...,https://www.mk.co.kr/article/12061365,mk.co.kr,2026-05-29,앞서 김 장관은 지난 27일 출입기자단 차담회에서 “인공지능(AI) 시대 반도체는 이미 공공재가 됐다”며 “대기업 초과이익 을 어떻게 재분배 할 것인지 한국형 사회연대임금 의 가능성을 모색하는 긴급 시론을 열겠다”고...,naver_api
AI 반도체 초과이익 재분배 / 사회연대임금,초과이익 재분배 사회연대임금,"김영훈, 美 언론에 '""AI 반도체 초과이익 공유는 재투자"" 공론화",https://www.pennmike.com/news/articleView.html?idxno=121656,pennmike.com,2026-06-05,6월 중 AI 초과이익 사회 적 재분배 와 관련한 본격 논의에 돌입하겠다고 예고한 김영훈 고용노동부장관이 외신... 이에 고용노동부가 추진하는 '한국형 사회연대임금 정책' 논의 토론회는 참석자 미정 등을 이유로 잠정...,naver_api
AI 반도체 초과이익 재분배 / 사회연대임금,AI 반도체 초과이익 재분배,"김영훈 노동장관 "" AI 반도체 초과이익 , 협력사와도 나눠야""",https://www.news1.kr/world/northeast-asia/6188666,news1.kr,2026-06-05,당시 블룸버그는 이를 AI 수혜 기업에 대한 사회적 재분배 압력이 커지고 있다는 신호로 해석해 시장의 급락을 부르기도 했다. 김 장관 역시 지난달 말 초과 이익 활용 방안을 논의하는 공개 포럼 개최 계획을 밝힌 바...,naver_api
AI 반도체 초과이익 재분배 / 사회연대임금,AI 반도체 초과이익 재분배,"노동장관 "" 반도체 초과 이익 , 협력사 계약 단가 조정해 나눠야"" 첫 언급",https://www.hankookilbo.com/news/article/A2026060514140003689?did=NA,hankookilbo.com,2026-06-05,"김영훈 고용노동부 장관은 인공지능( AI ) 대호황 속에서 반도체 기업들의 초과 이익 을 노동자, 협력업체... 다만 김 장관은 초과 이익 개념에 대해 세금 등을 공제하고 남은 이익 임을 분명히 했다. 초과 이익 재분배 ...",naver_api
AI 반도체 초과이익 재분배 / 사회연대임금,AI 반도체 초과이익 재분배,"[기고] 韓 반도체 슈퍼사이클, AI 생태계로 이어야 산다",https://zdnet.co.kr/view/?no=20260605110408,zdnet.co.kr,2026-06-05,어떻게 재분배 할 것인가를 따진다. 국가 전체의 일반균형으로 시야를 넓히면 그림은 달라진다. 반도체 가 벌어들인 흑자가 결국 AI 서비스 적자를 메우는 데 소진된다면 우리가 나누자고 다투는 초과이익 은 회계상의...,naver_api
AI 반도체 초과이익 재분배 / 사회연대임금,AI 반도체 초과이익 재분배,"반도체 · AI 호황, 축복인가 또다른 편중인가 [아침햇발]",https://www.hani.co.kr/arti/opinion/column/1261991.html,hani.co.kr,2026-06-04,"반도체 등 인공지능 수혜 기업이 높은 진입장벽과 기술 우위를 바탕으로 이익 을 독점하고, 그 성과가 사회... 다소 급진적으로 보이나, 과세를 통한 재분배 와 본질적으로 유사한 효과를 낸다. 퇴직연금 등을 통해 상당수...",naver_api
AI 반도체 초과이익 재분배 / 사회연대임금,반도체 초과이익 국민배당금제,[사설] 반도체 ‘초과이익’ 분배하자는 노동부 장관 - 중앙일보,https://news.google.com/rss/articles/CBMiVkFVX3lxTE9EN3pQOXIxbUx4V0hCZUNPczQ3LXpzQ2MtNzNrTEh4bXh3ekdXU2RBNFBDbG42bVZBS2ZmbzRodVFzZlZnWEJIbWIyMXFWTFRiQV9lUHhB?oc=5,중앙일보,2026-05-27,[사설] 반도체 ‘초과이익’ 분배하자는 노동부 장관 중앙일보,google_news_rss
AI 반도체 초과이익 재분배 / 사회연대임금,반도체 초과이익 국민배당금제,"반도체 초과세수 논란 ""국민배당금? 현 구조상 못쓴다..입법 논의해야"" - YTN",https://news.google.com/rss/articles/CBMiXkFVX3lxTE1aWVhNVHFCaHdtejV5WFJOM1NHd0pXcXJEdklka2RNTWZKMDg1Y3hFMDNmVTBlSDlhc2pvUlY0MmQwSXAxR2w4dUlBUkhQX2RCY2h2aFROa0FOTE95UlE?oc=5,YTN,2026-05-20,"반도체 초과세수 논란 ""국민배당금? 현 구조상 못쓴다..입법 논의해야"" YTN",google_news_rss
AI 반도체 초과이익 재분배 / 사회연대임금,반도체 초과이익 국민배당금제,반도체 이익 ‘국민 배당’ 띄운 김용범 - 조선일보,https://news.google.com/rss/articles/CBMigwFBVV95cUxONDdBUGJoWlkyaVhUdkZFNGdlS2xob05RSkdsbnJrdGR3WGZZQWJNejhvNmRPS0xrY0I5LXhPZGg2amxkSDRyVllwQjN1ZkpISThEU3BLNkhyLVJzU0RNa1NpWlNlYy0zckR2T2ozcW5Kbl9kSzFOYWNjWXp3OXhuVHp6WQ?oc=5,조선일보,2026-05-13,반도체 이익 ‘국민 배당’ 띄운 김용범 조선일보,google_news_rss
AI 반도체 초과이익 재분배 / 사회연대임금,반도체 초과이익 국민배당금제,[사설] 반도체 국민배당금 ‘거위의 배’를 가르자는 것인가 - 국제신문,https://news.google.com/rss/articles/CBMijgFBVV95cUxOMkxxdElfcjZfdkRsSzNDZWV2bW5Kem5XTTRnTk9uZEt5RXU1V1paaWxfeWN1TWtMNzRVQVE0RS1wVmFqcHo2VlNpWGZndlZuS1ZLb0l4cFF1QjVnNWtRTGpJT1ZyYXVSMzhQUmRmR21WVE9YNm10TWx1Z0N1aXlsTEdfZFh3dUs4VkxwUnJB?oc=5,국제신문,2026-05-13,[사설] 반도체 국민배당금 ‘거위의 배’를 가르자는 것인가 국제신문,google_news_rss
AI 반도체 초과이익 재분배 / 사회연대임금,반도체 초과이익 국민배당금제,"“삼성·SK가 번 AI 돈, 국민도 나눠 갖나”… 청와대가 꺼낸 ‘배당국가’ 실험 - v.daum.net",https://news.google.com/rss/articles/CBMiT0FVX3lxTE0tUkdLQlBFSjJyRU00RXdua2JtbFBEM2NyT0JvMjJUZkNJRGNEWThZTVNEUGFEbkRYZWk5QzVSNTRuODEtTlVxQkVCMjBvVkU?oc=5,v.daum.net,2026-05-12,"“삼성·SK가 번 AI 돈, 국민도 나눠 갖나”… 청와대가 꺼낸 ‘배당국가’ 실험 v.daum.net",google_news_rss
AI 반도체 초과이익 재분배 / 사회연대임금,반도체 호황 초과이익 배분,반도체 ‘잭팟’…행복의 나라?,https://www.mk.co.kr/article/12060939,mk.co.kr,2026-06-03,무엇보다 반도체 로 벌어들인 막대한 이익 을 누구와 어느 정도로 배분 해야 하느냐가 한국 사회 뜨거운 감자로 떠오를 전망이다. 대만은 반도체 호황 으로 유입된 초과 세수를 감세를 통해 국민 전체와 나누는 방식을 택했다....,naver_api
AI 반도체 초과이익 재분배 / 사회연대임금,반도체 호황 초과이익 배분,초과이익 분배 논란 확산에… 기업 투자 경쟁력 약화 위기감 [뉴스 투데...,https://www.segye.com/newsView/20260531508041?OutUrl=naver,segye.com,2026-05-31,이익 은 반도체 산업 발전에) 전력망 등 많은 국가 자원이 한곳에 쏠린 (덕도 본) 만큼 사회적 재투자 관점에서 하청 업체 및 노동자에게도 ( 초과이익 이) 배분 돼야 한다”고 했다. 다만 정부 의도가 불분명하다는 지적도...,naver_api
AI 반도체 초과이익 재분배 / 사회연대임금,반도체 호황 초과이익 배분,노동장관이 띄운 ' 초과 이윤' 배분 논란…사회적 대화로 풀릴까,https://www.newsis.com/view/NISX20260530_0003650331,newsis.com,2026-05-31,"(AI) 호황 을 전략적으로 활용해 대한민국의 산업 대도약의 성장 엔진을 확보해야 한다""고 강조했다. 노동부는... 다만 두 논의 모두 AI· 반도체 시대 초과 성과의 사회적 환원을 언급한 만큼, 기업 이익 을 정부가 환수· 배분 하...",naver_api
AI 반도체 초과이익 재분배 / 사회연대임금,초과이익 원하청 상생,반도체 초과이익 두고 노동장관 '분배'…산업장관은 '투자',https://www.yna.co.kr/view/AKR20260529099100003?input=1195m,yna.co.kr,2026-05-29,"입장에서 원하청 상생 의 방법을 찾자고 제안하는 것""이라며 ""양극화를 해소하고 결국에는 기업경쟁력을 높이기 위한 것""이라고 강조했다. 정부 내에서 산업·노동 정책을 총괄하는 두 장관이 민간 기업의 이익 처분을 두고...",naver_api
AI 반도체 초과이익 재분배 / 사회연대임금,초과이익 원하청 상생,""" 초과이익 분배하자""…""아니, 투자해야지"" 엇갈린 두 장관",http://mbn.mk.co.kr/pages/news/newsView.php?category=mbn00009&news_seq_no=5196674,mbn.mk.co.kr,2026-05-29,"입장에서 원하청 상생 의 방법을 찾자고 제안하는 것""이라며 ""양극화를 해소하고 결국에는 기업경쟁력을 높이기 위한 것""이라고 강조했습니다. 정부 내에서 산업·노동 정책을 총괄하는 두 장관이 민간 기업의 이익 처분을...",naver_api
AI 반도체 초과이익 재분배 / 사회연대임금,초과이익 원하청 상생,"산업장관, 반도체 초과이익 에 ""미래 위한 재투자해야""",https://www.busan.com/view/busan/view.php?code=2026052916155984738,busan.com,2026-05-29,"반도체 대기업의 초과이익 을 두고 관계 부처 장관들이 엇갈린 의견을 표명하고 있다. 김영훈 고용노동부... 이어 ""노동부 입장에서 원하청 상생 의 방법을 찾자고 제안하는 것""이라며 ""양극화를 해소하고 결국에는...",naver_api
AI 반도체 초과이익 재분배 / 사회연대임금,초과이익 원하청 상생,'분배' 김영훈 vs '투자' 김정관…반도체 초과이익 시각차,http://www.inews24.com/view/1972617,inews24.com,2026-05-29,"인공지능(AI) 반도체 호황으로 삼성전자와 SK하이닉스의 수익 확대가 예상되는 가운데 초과이익 활용 방안을... 김 장관은 ""노동부 입장에서는 원하청 상생 의 방법을 찾자는 것""이라며 ""양극화를 해소하고 결과적으로 기업...",naver_api
AI 반도체 초과이익 재분배 / 사회연대임금,초과이익 원하청 상생,반도체 초과이익 두고 정부 내부 온도차…노동장관 ‘분배’·산업장관...,https://www.segye.com/newsView/20260529512154?OutUrl=naver,segye.com,2026-05-29,입장에서 원하청 상생 의 방법을 찾자고 제안하는 것”이라며 “양극화를 해소하고 결국에는 기업경쟁력을 높이기 위한 것”이라고 강조했다. 정부 내에서 산업·노동 정책을 총괄하는 두 장관이 민간 기업의 이익 처분을...,naver_api
AI 반도체 초과이익 재분배 / 사회연대임금,초과이익 노동자 격차 해소,"불황에 쓸 비상금인데 "" 초과이익 나누자""…불붙은 '사회연대임금' 논쟁",https://www.mt.co.kr/economy/2026/06/01/2026053122382850693,mt.co.kr,2026-06-01,""" 초과이익 기준은?"" 정의도 모호...노동장관이 띄운 '사회연대임금' 논란 김영훈 고용노동부 장관이 띄운... 사회연대""냐 "" 격차 해소 문제를 노동자 와 중소 영세기업에 넘기는 법은 기업연대고 자본연대""라고도 했다....",naver_api
AI 반도체 초과이익 재분배 / 사회연대임금,초과이익 경영계 반발,삼성 초과 이윤 나누자는데…사회연대임금 논의 첫발부터 '삐걱',https://www.nocutnews.co.kr/news/6525460?utm_source=naver&utm_medium=article&utm_campaign=20260601062603,nocutnews.co.kr,2026-06-01,"둘러싼 반발 과 논란, 지방선거를 앞둔 정치적 부담 등이 복합적으로 작용한 결과라는 분석도 나온다. 1일 노동부에 따르면 이날 김영훈 노동부 장관 주재로 열릴 예정이던 초과이익 배분을 위한 '가칭 사회연대임금 모색...",naver_api
AI 반도체 초과이익 재분배 / 사회연대임금,초과이익 경영계 반발,“영업 이익 의 N% 성과급 달라” 분출…노사 갈등 ‘새 뇌관’으로 [재계...,https://www.ekn.kr/web/view.php?key=20260603024030129,ekn.kr,2026-06-03,이들 역시 투명한 초과이익 성과급 기준을 산정하자고 요구하고 있다. 카카오 노조는 영업 이익 의 13∼14... 한국경영자총협회(경총)는 지난달 31일 회원사에 배포한 ' 경영계 특별 권고'를 통해 “(영업 이익 의 일정 비율을...,naver_api
AI 반도체 초과이익 재분배 / 사회연대임금,초과이익 경영계 반발,김영훈發 ‘ 초과이익 공유’ 논쟁 확전…경총 “교섭 불가” vs 한국노...,https://biz.heraldcorp.com/article/10760829?ref=naver,biz.heraldcorp.com,2026-06-01,발상”이라고 반발 했다. 전날 경총이 회원사에 특별권고를 배포한 데 대한 공개 반격이다. 논란은 김 장관이 지난달 27일 기자간담회와 29일 오마이TV 인터뷰 등을 통해 대기업의 초과이익 을 사회적으로 공유하는 방안을...,naver_api
AI 반도체 초과이익 재분배 / 사회연대임금,초과이익 경영계 반발,삼전이 쏘아올린 ' 초과이익 성과급' 갈등…'사회연대임금' 논의로 확산,https://www.news1.kr/economy/trend/6180726,news1.kr,2026-05-29,"삼성전자 노사 임금협상이 극적 타결로 마무리됐지만, ' 초과이익 성과급' 논쟁은 산업계 전반으로 빠르게... 반면 경영계 는 최저임금 과속 인상이 중소기업과 자영업자들의 생존을 위협할 수 있다고 반발 한다. 이미...",naver_api
AI 반도체 초과이익 재분배 / 사회연대임금,경총 초과이익 배분,"현대차·기아로 번진 성과급 논란…업계 "" 이익 배분 은 교섭 대상 아냐""",https://www.newsis.com/view/NISX20260601_0003651508,newsis.com,2026-06-01,"이익 과 연동한 성과급 요구는 반도체 업계에서 먼저 부각됐다. SK하이닉스 노사가 영업 이익 의 10%를 초과이익 ... 경총 은 ""일반적으로 기업의 이익 배분 은 임금이 아니며 복지나 기타 대우에도 해당한다고 보기 어렵다""고...",naver_api
AI 반도체 초과이익 재분배 / 사회연대임금,경총 초과이익 배분,"경총 “영업익 배분 , 교섭대상 아냐”… 성과급 논란 제동",https://www.segye.com/newsView/20260531508043?OutUrl=naver,segye.com,2026-05-31,한국경영자총협회( 경총 )는 노조의 이익 배분 요구가 고유의 경영권을 침해하고 주주의 권리를 제약할 수... 시간”이라고 경총 과 비슷한 목소리를 냈다. 김영훈 고용노동부 장관 등 일각에서 제기된 ‘대기업의 초과이익 ...,naver_api
AI 반도체 초과이익 재분배 / 사회연대임금,경총 초과이익 배분,"경영계 “영업 이익 N% 성과급, 단체교섭 대상 아냐”",https://www.kmib.co.kr/article/view.asp?arcid=1780217278&code=11151400&cp=nv,kmib.co.kr,2026-06-01,경총 은 “기업이 노조의 이익 배분 요구에 응할 법적 의무는 없으며 이와 관련한 파업 등 쟁의행위도 위법 소지가 크다”고 말했다. 경총 이 이같은 특별 권고를 낸 건 최근 산업계 전반으로 퍼지는 ‘기업 초과 이익 분배...,naver_api
호황의 이면 / 청년 체감경기 괴리,코스피 호황 청년 고용,코스피 8000·성장률 1.7%…반도체가 끌었지만 청년 은 못 웃었다,https://biz.heraldcorp.com/article/10760069?ref=naver,biz.heraldcorp.com,2026-05-31,"미미했고, 청년 고용 난과 소득 양극화는 오히려 심화됐다. 경제지표와 체감경기 사이의 괴리가 이재명 정부 2년차의 최대 과제로 떠오르고 있다. GDP 1.7%· 코스피 8000…숫자로 증명한 ‘반도체 호황 ’ 31일 관계부처에...",naver_api
호황의 이면 / 청년 체감경기 괴리,코스피 호황 청년 고용,경제 성장률 2.5%· 코스피 8000시대에 가려진 그늘[한국경제 K자형 성장...,https://economist.co.kr/article/view/ecn202605280001,economist.co.kr,2026-05-31,"실제로 국가데이터처가 발표한 4월 고용 동향에 따르면, 반도체 등 일부업종의 수출 호황 에도 제조업은 5만5000명, 건설업은 8000명 줄며 각각 22개월, 24개월 연속 감소했다. 이 같은 고용 구조의 변화는 청년 세대에게...",naver_api
호황의 이면 / 청년 체감경기 괴리,코스피 호황 청년 고용,"이재명 대통령 1년, 코스피 8000 시대 열었다",https://www.topstarnews.net/news/articleView.html?idxno=16076663,topstarnews.net,2026-06-01,"이재명 대통령 취임 1년 만에 코스피 가 2770선에서 8476선까지 치솟고 성장률도 -0.2%에서 1.7%로 반등했다.... 반면 부동산 가격 불안과 1500원 안팎의 원·달러 환율, 청년고용 부진, 산업별 양극화는 여전히 경제 전반의...",naver_api
호황의 이면 / 청년 체감경기 괴리,코스피 호황 청년 고용,코스피 '8천 시대' 축포 쐈지만…'K자 양극화·환율'은 과제,https://www.newsgn.com/news/articleView.html?idxno=554731,newsgn.com,2026-05-31,"내수· 청년고용 한파 외형적 성장세 뒤에 가려진 'K자형 그늘'은 깊다. 1분기 제조업 생산은 전 분기 대비 3.0% 증가했으나, 반도체를 제외하면 증가율은 0.2%에 그쳐 심각한 쏠림 현상을 보였다. 금융·보험업은 호황 을...",naver_api
호황의 이면 / 청년 체감경기 괴리,코스피 호황 청년 고용,"반도체 호황 이 만든 초과세수, 이렇게 쓰자... 4가지 원칙 [소셜 코리아...",https://www.ohmynews.com/NWS_Web/View/at_pg.aspx?CNTN_CD=A0003235788&CMPT_CD=P0010&utm_source=naver&utm_medium=newsearch&utm_campaign=naver_news,ohmynews.com,2026-05-21,"피해자, 청년 과 고령층 등을 위한 계정으로 흘러가도록 해야 한다. 이제 국가재정법 개정을 논의해야 한다. 채무상환 원칙은 유지해야 한다. 다만 특정 산업 호황 으로 대규모 초과세수가 발생할 때 그 일부를 중장기...",naver_api
호황의 이면 / 청년 체감경기 괴리,반도체 호황 청년 고용,반도체 생산 13% 늘 때 일자리 1.9% 증가,https://www.segye.com/newsView/20260531508044?OutUrl=naver,segye.com,2026-05-31,반도체 빼면 4월 제조업 생산 1.2%↓ 고용 확대 등 경제 낙수효과 미미 반도체 경기의 전례 없는 호황 으로... 어렵다”며 “ 청년 층을 비롯한 취약계층의 일자리를 늘려서 소득 격차를 좁히는 것이 양극화 극복에 가장...,naver_api
호황의 이면 / 청년 체감경기 괴리,반도체 호황 청년 고용,"“韓 반도체 의존, 사우디 석유보다 심해”…‘초과세수 샴페인’ 경고...",https://www.mk.co.kr/article/12064738,mk.co.kr,2026-06-03,다만 조 전 원장은 반도체 호황 의 과실을 활용하되 구조 개혁이 병행되지 않으면 지금의 호황 이 장기 성장으로 이어지기 어렵다고 지적했다. 그는 “성장성이 높은 부문에서 고용 이 늘고 그 효과가 경제 전체로...,naver_api
호황의 이면 / 청년 체감경기 괴리,반도체 호황 청년 고용,반도체 슈퍼사이클·확장재정 성과 '성장률 2%대 중후반'으로 반등 [이재...,http://www.fnnews.com/news/202606041825334567,fnnews.com,2026-06-04,"그러나 반도체 호황 이 경제 전반의 구조적 위험요인을 덮어버리는 함정에 빠져서는 안 된다는 지적이다. 성장과 엇박자로 장기침체 중인 고용 시장과 가장 취약한 청년 층의 고용 난, 대·중소기업과 산업 간, 세대 간...",naver_api
호황의 이면 / 청년 체감경기 괴리,반도체 호황 청년 고용,코로나 이후 5년 만의 '충격'…왜 2030세대만 소득 줄었나 [김익환의 부...,https://www.hankyung.com/article/202605319247i,hankyung.com,2026-06-01,AI· 반도체 중심 성장 구조에서는 경기 회복이 곧바로 청년 층 소득 개선으로 이어지지 않을 수 있다고 지적했다. 과거 제조업 호황 처럼 대규모 신규 채용으로 연결되기보다 기존 고숙련 인력과 자산 보유층에 성장...,naver_api
호황의 이면 / 청년 체감경기 괴리,반도체 호황 청년 고용,반도체 가 키운 성장의 그늘…명목성장률 10% 눈앞인데 가계 소득은 제자...,https://www.etoday.co.kr/news/view/2589269,etoday.co.kr,2026-05-31,"반도체 호황 은 생산량 확대보다 가격 급등에 의해 수익이 늘어나는 구조""라며 "" 고용 창출과 연쇄 효과가 제한될 수밖에 없다""고 진단했다. 이어 ""코스피 8000 돌파와 반도체 기업 실적 개선이 청년 일자리와 내수...",naver_api
호황의 이면 / 청년 체감경기 괴리,증시 호황 체감경기 괴리,"""반도체 호황 낙수효과 작아…수요 둔화 시 제조업 전반 하방""",https://www.newsis.com/view/NISX20260520_0003638354,newsis.com,2026-05-21,"최근 우리 경제가 인공지능(AI) 반도체 호황 에 힘입은 제조업 경기 회복과 반도체 외 제조업·내수 부문의... 수출, 증시 등 거시지표는 개선되고 있지만 고용·소비 등 체감경기 와의 괴리 가 커지고 있다는 지적이다....",naver_api
호황의 이면 / 청년 체감경기 괴리,증시 호황 체감경기 괴리,"美 소비심리 바닥· 증시 는 최고…커지는 경제 괴리 , 한국도 영향권",https://www.joongang.co.kr/article/25430916,joongang.co.kr,2026-05-24,미시간대 소비자심리지수는 소비자의 체감 경기 와 향후 소비 의향 변화를 반영해 경기 선행지표로 활용된다. 2000년 초 닷컴 버블 시기엔 미시간대 소비자심리지수가 현재의 2배 이상인 100선을 웃돌았다. 증시 호황 과...,naver_api
호황의 이면 / 청년 체감경기 괴리,증시 호황 체감경기 괴리,"5대 금융지주 ""반도체 호황 에 성장률 뛰었지만 경기 온도차 여전""",http://www.newsian.co.kr/news/articleView.html?idxno=89890,newsian.co.kr,2026-05-20,"경기 호황 이 성장을 이끄는 가운데 체감 경기 와의 괴리 는 당분간 이어질 수 있다고 평가했다. 인공지능(AI)... 하나금융은 1분기 국내 증시 가 AI와 반도체 수출 호조, 기업 실적 개선, 증시 활성화 정책에 힘입어 역사적...",naver_api
호황의 이면 / 청년 체감경기 괴리,증시 호황 체감경기 괴리,“개미는 웃는데 서민은 운다” 증시 호황 뒤 숨겨진 ‘역대급 파산’ ...,https://www.segye.com/newsView/20260509505368?OutUrl=naver,segye.com,2026-05-09,자산 시장의 호황 과 달리 서민들의 체감 경기 는 최악으로 치닫고 있다. 서울회생법원 조사 결과 지난해... 경제 전문가들은 주식 시장과 실물 경제의 괴리 가 실물 경제에 상당한 악영향을 미칠 수 있다고 경고한다....,naver_api
호황의 이면 / 청년 체감경기 괴리,증시 호황 체감경기 괴리,“주식으로 돈 번 사람 넘치는데 우리 집은 왜?”…더 싸늘해진 체감 경...,https://www.mk.co.kr/article/12042217,mk.co.kr,2026-05-09,"전례없는 호황 을 맞았지만, 체감 경기 에는 온기가 돌지 않는 괴리 현상이 커지고 있다. 중동전쟁에 따른... K자형 성장· 증시 포모 현상도 심화 취업기회전망 역시 82로 3개월째 내리막길을 걷고 있다. 기업...",naver_api
호황의 이면 / 청년 체감경기 괴리,청년 쉬었음 증가,""" 쉬었음 청년 10명 중 6명 취업 의향…자격증 등이 높여""",https://www.newsis.com/view/NISX20260603_0003654600,newsis.com,2026-06-04,"이번 학술대회에서는 쉬었음 청년 의 취업 의향과 청년 층 노동시장 변화, 인공지능(AI) 확산과 플랫폼노동 증가 , 중·고령층의 노동생애와 정신건강 등 최근 노동시장 구조 변화를 다룬 전문가 논문 41편과 학생논문경진대회...",naver_api
호황의 이면 / 청년 체감경기 괴리,청년 쉬었음 증가,"""' 쉬었음 ' 상태 청년 10명 중 6명 취업의향 있다""",https://www.kado.net/news/articleView.html?idxno=2054004,kado.net,2026-06-04,또 이 같은 과도한 업무 몰입은 우울감 증가 로 이어질 가능성이 있다고 설명했다. 학술대회에 앞서 진행된 학생 부문 논문경진대회에서는 고려대 박태성 학생이 ' 청년 쉬었음 의 반복과 고착화' 논문으로 고용노동부...,naver_api
호황의 이면 / 청년 체감경기 괴리,청년 쉬었음 증가,"""' 쉬었음 ' 청년 10명 중 6명은 향후 취업의향""",https://www.yna.co.kr/view/AKR20260602121500530?input=1195m,yna.co.kr,2026-06-04,우울감 증가 로 이어질 수 있다고 밝혔다. 학술대회 개최에 앞서 고용정보원이 실시한 학생 부문 논문경진대회에서는 고려대 박태성 학생이 ' 청년 쉬었음 의 반복과 고착화' 논문으로 고용노동부 장관상(최우수상)을...,naver_api
호황의 이면 / 청년 체감경기 괴리,청년 쉬었음 증가,“누군 쉬고 싶어서 쉬나요”…‘ 쉬었음 ’ 청년 10명 중 6명은 향후 취업...,https://www.mk.co.kr/article/12065591,mk.co.kr,2026-06-04,우울감 증가 로 이어질 수 있다고 밝혔다. 학술대회 개최에 앞서 고용정보원이 실시한 학생 부문 논문경진대회에서는 고려대 박태성 학생이 ‘ 청년 쉬었음 의 반복과 고착화’ 논문으로 고용노동부 장관상(최우수상)을...,naver_api
호황의 이면 / 청년 체감경기 괴리,청년 쉬었음 증가,[오대기] 취업 대신 '쉼'…늘어나는 쉬었음 청년,https://www.obsnews.co.kr/news/articleView.html?idxno=1526444,obsnews.co.kr,2026-06-04,뭘 해야 한다고 생각은 하는데 잘 안되다 보니까 이대로 포기하게 되는 것 같아요.] [전수빈 / 쉬었음 청년 : 스스로 준비가 충분하지 않은 상태에서 계속 도전하는 게 무의미하다는 생각도 들고….] 쉬었음 청년 증가 의...,naver_api
호황의 이면 / 청년 체감경기 괴리,쉬었음 청년 대졸,"20대 후반 쉬었음 인구 6년 만에 최대…""고임금 대기업 쏠림 현상 심화...",https://www.imaeil.com/page/view/2026052813161710337,imaeil.com,2026-05-28,"보고서에 따르면 고졸 이하 ' 쉬었음 ' 청년 은 2021년 27만명에서 2025년 25만명으로 지난 4년간 2만명 감소한 반면, 대졸 이상 ' 쉬었음 ' 청년 은 같은 기간 14만9천명에서 17만9천명으로 3만명 증가했다. 이 같은 결과에...",naver_api
호황의 이면 / 청년 체감경기 괴리,쉬었음 청년 대졸,20대 ' 쉬었음 ' 10명 중 3명은 대졸 자…고학력 청년 고용난 심화,https://www.news1.kr/economy/trend/6182035,news1.kr,2026-06-01,"20대 ' 쉬었음 ' 인구가 감소세를 보인 가운데 대졸 이상 고학력 청년 들의 노동시장 이탈은 오히려 심화한 것으로 나타났다. 올해 4월 기준 쉬었음 상태인 20대 10명 가운데 3명 이상이 대학교·대학원 졸업자로, 관련...",naver_api
호황의 이면 / 청년 체감경기 괴리,쉬었음 청년 대졸,20대 ' 쉬었음 ' 줄었지만 대졸 청년 은 오히려 늘었다,http://www.queen.co.kr/news/articleView.html?idxno=457794,queen.co.kr,2026-06-01,"결국 ' 쉬었음 ' 인구는 줄었지만, 대졸 이상 청년 들의 노동시장 이탈은 심화하는 양상이다. 이는 단순한 경기 변동을 넘어 청년 층 고용 구조의 근본적 문제를 드러내고 있다는 점에서 정책적 대응이 요구된다....",naver_api
호황의 이면 / 청년 체감경기 괴리,쉬었음 청년 대졸,"경기도, 청년 기본소득 1일부터 접수… 24세 청년 에 최대 100만원",http://www.econonews.co.kr/news/articleView.html?idxno=439091,econonews.co.kr,2026-06-01,20대 쉬었음 인구 10명 가운데 3명 이상이 대졸 이상인 것이다. 이 가운데 경기도 청년 기본소득은 단순 복지성 지원을 넘어 ' 청년 의 사회 출발 비용'을 덜어주는 정책이라는 점에서 의미가 있을 것으로 보인다.,naver_api
호황의 이면 / 청년 체감경기 괴리,쉬었음 청년 대졸,스펙 쌓아도 일자리 없다…고학력 청년 ' 쉬었음 ' 증가,https://www.ccdn.co.kr/news/articleView.html?idxno=1081120,ccdn.co.kr,2026-06-01,대졸 이상 고학력 청년 층 상당수가 일자리에서 벗어나 있다. 소위 ' 쉬었음 ' 상태에 있는 20대 10명 중 3명 이상이 대학교·대학원 졸업자로 나타났다. 1일 국가데이터처에 따르면 지난 4월 기준 비경제활동인구 중...,naver_api
호황의 이면 / 청년 체감경기 괴리,청년 고용 불안 경제 회복,박홍근 “추경에 청년 일자리 반드시 반영…‘쉬었음 청년 ’ 대책 필요...,https://biz.heraldcorp.com/article/10700695?ref=naver,biz.heraldcorp.com,2026-03-23,"‘쉬었음’ 청년 증가 등 고용 불안 이 심화되는 가운데, 추경을 통한 일자리 보강이 필요하다는 판단이다. 박 후보자는 23일 국회 재정 경제 기획위원회 인사청문회에서 “추경 목적 중 하나는 대량 실업 대응”이라며...",naver_api
호황의 이면 / 청년 체감경기 괴리,청년 고용 불안 경제 회복,"취업률은 올랐지만, 제주 고용 은 더 불안 해졌다",https://www.jibs.co.kr/news/articles/articlesDetail/57686?feed=na,jibs.co.kr,2026-02-11,"그러나 구조는 더 불안 해졌습니다. 관광 고용 은 실업 변동성을 키웠고 청년 고용 은 회복 경로에 진입하지... 앞에서 청년 들의 발길은 결국 밖을 향할 수밖에 없고, 인구 유출은 생산성 위축으로 이어지며 지역 경제 의 회복 ...",naver_api
호황의 이면 / 청년 체감경기 괴리,청년 고용 불안 경제 회복,"김해시, 청년 취업·정신건강 통합지원 나선다",http://www.newsmaker.or.kr/news/articleView.html?idxno=177624,newsmaker.or.kr,2026-06-02,"최근 청년 층과 장년층의 정신건강 문제는 실업과 고용 불안 , 경제 적 부담, 사회적 고립 등과 밀접한 관련이... 이에 따라 단순 상담 지원을 넘어 경제 적 자립과 심리 회복 을 함께 지원하는 통합 접근의 중요성이 커지고 있다....",naver_api
호황의 이면 / 청년 체감경기 괴리,청년 고용 불안 경제 회복,"[전문가가 본 '나혼산'의 역설 ①] ""1인 가구의 일자리, 왜 더 불안 한가...",https://www.1conomynews.co.kr/news/articleView.html?idxno=46574,1conomynews.co.kr,2026-01-27,"먼저 이장연 인천대학교 경제 학부 교수는 올해 경제 전망과 고용 회복 을 내다봤다. 이장연 교수는 ""올해... 전상아 연구원은 "" 고용 불안 정성의 문제는 청년 1인 가구뿐만 아니라 재취업을 원하는 중장년층이나 생계부담을...",naver_api
호황의 이면 / 청년 체감경기 괴리,청년 고용 불안 경제 회복,불안 을 공유하는 사회의 가능성,https://www.labortoday.co.kr/news/articleView.html?idxno=231987,labortoday.co.kr,2025-12-29,정부는 내년 고용 대책으로 '쉬었음' 청년 의 노동시장 유입에 집중하겠다고 밝혔다. 취업 의사 유무와... 송년 모임에서 만난 불안 한 대화는 연말 여론조사에서 '가장 해결해야 할 과제는 고용 창출 및 경제 회복 ...,naver_api
AI 가짜뉴스 / 딥페이크 규제,AI 가짜뉴스 규제,AI 는 선거와 민주주의를 어떻게 흔들고 있나 [스프],https://news.sbs.co.kr/news/endPage.do?news_id=N1008595085&plink=ORI&cooper=NAVER,news.sbs.co.kr,2026-06-05,"정부는 AI 를 활용한 가짜뉴스 에 대해선 무관용 원칙을 강조하고 있어요. ""이제 딥페이크는 단순한 기술 문제가 아니라 민주주의를 위협하는 새로운 정보 범죄가 되고 있는 것입니다."" 물론 과도한 규제 가 기술...",naver_api
AI 가짜뉴스 / 딥페이크 규제,AI 가짜뉴스 규제,방미통위 출범 1년 성적표…낡은 규제 헐고 AI 시대 미디어 '새 판' 짠다,https://www.newsis.com/view/NISX20260602_0003653317,newsis.com,2026-06-02,"방송미디어통신위원회가 지상파 방송 재허가와 방송3법 하위법령 정비, 플랫폼 규제 기반 마련 등을 출범... 가짜뉴스 플랫폼에 '징벌적 손배'… 불법 스팸도 철퇴 디지털 플랫폼 중심으로 미디어 환경이 바뀌는 데 맞춰...",naver_api
AI 가짜뉴스 / 딥페이크 규제,AI 가짜뉴스 규제,"기상청장 “재난 관련 가짜뉴스 , 처벌 지침 만들 것”",https://www.kmib.co.kr/article/view.asp?arcid=0029888052&code=61121111&cp=nv,kmib.co.kr,2026-05-28,기상청이 온라인 소셜미디어를 중심으로 유통되는 기상 관련 가짜뉴스 와 관련해 근절 방안을 모색하기로... 이어 이 청장은 기후위기 시대 국민의 안전과 편의를 위한 전방위적인 기상·기후 혁신 및 규제 합리화를...,naver_api
AI 가짜뉴스 / 딥페이크 규제,AI 가짜뉴스 규제,"김민재 행안차관 "" 가짜뉴스 실시간 삭제…선거일까지 긴밀 대응""",https://www.news1.kr/local/moi/6179796,news1.kr,2026-05-28,신속히 가짜뉴스 를 삭제하고 이용자 접근을 차단하도록 민관 합동 자율 규제 협의체를 운영 중이다. 경찰도... 허위 가짜뉴스 에 대해 무관용 원칙으로 엄정 대응하겠다고 밝힌 바 있다. 정부는 인공지능( AI ) 기술 등을...,naver_api
AI 가짜뉴스 / 딥페이크 규제,AI 가짜뉴스 규제,"""' 가짜 소통 끝내겠다""'…셀트리온 노조, 25년만에 공식 출범",https://www.straightnews.co.kr/news/articleView.html?idxno=303869,straightnews.co.kr,2026-06-01,"노조는 창립선언문에서 "" 가짜 소통의 시대는 끝났다""며 ""우리의 헌신에 걸맞은 투명한 보상과 존중을... 노조는 조기 출근 관행, 복장 규제 , 현장 중심 소통 부족 등을 거론하며 ""노동자를 통제와 관리의 대상이 아닌...",naver_api
AI 가짜뉴스 / 딥페이크 규제,딥페이크 가짜뉴스,"경찰, 선거사범 4191명 단속… 가짜 영상 등 딥페이크 도 51명",https://www.hankyung.com/article/202606046973i,hankyung.com,2026-06-04,"범죄 유형별로는 허위· 가짜뉴스 유포 등 흑색선전이 32.5%(1365명)로 가장 많았다. 이 중 오프라인 흑색선전이 832명, SNS 등 온라인 흑색선전이 533명으로 확인됐다. 특히 온라인 공간에서는 AI 등을 활용한 딥페이크 ...",naver_api
AI 가짜뉴스 / 딥페이크 규제,딥페이크 가짜뉴스,"경찰, 6·3선거사범 4천여명 적발… 허위· 가짜뉴스 유포 32.5%",https://www.yna.co.kr/view/AKR20260604100500004?input=1195m,yna.co.kr,2026-06-04,범죄 유형별로 보면 허위· 가짜뉴스 유포 등 흑색선전이 1천365명(32.5%)으로 가장 많았다. 이어 금품수수... 특히 온라인 흑색선전 가운데 딥페이크 를 이용한 선거운동으로 적발된 인원은 51명(32건)으로 집계됐다....,naver_api
AI 가짜뉴스 / 딥페이크 규제,딥페이크 가짜뉴스,"경찰, 지선 선거사범 4191명 적발… 가짜뉴스 등 흑색선전 32.5%",https://www.newsis.com/view/NISX20260604_0003656146,newsis.com,2026-06-04,"선거범죄 유형별로는 허위· 가짜뉴스 유포 등 흑색선전(1365명, 32.5%)이 가장 많았다. 흑색선전의 수단을... 특히 온라인 흑색선전 중 가짜 영상( 딥페이크 ) 이용 선거운동으로 단속된 인원은 51명(32건)이며 단속된...",naver_api
AI 가짜뉴스 / 딥페이크 규제,딥페이크 가짜뉴스,"경찰, 선거사범 4천여 명 단속... 가짜뉴스 사례 최다",https://www.ytn.co.kr/_ln/0103_202606041127481775,ytn.co.kr,2026-06-04,"선거범죄 유형은 가짜뉴스 유포가 32.5%로 가장 많았는데 특히 가짜 영상, 이른바 딥페이크 를 이용한 선거운동 단속 규모는 51명, 32건이었습니다. 흑색선전과 함께 3대 선거범죄로 분류되는 금품수수가 25%로 뒤를...",naver_api
AI 가짜뉴스 / 딥페이크 규제,AI 허위정보 확산,"김수현 측 “가세연 김세의, 허위 사실 명예훼손·스토킹 혐의 ‘구속 송...",https://www.mk.co.kr/article/12066509,mk.co.kr,2026-06-05,"및 정보 보호 등에 관한 법률 위반( 허위 사실 적시에 의한 명예훼손)을 비롯해 스토킹범죄의 처벌 등에 관한... 김수현 측은 앞서 김새론과의 열애설을 처음엔 부인했으나, 논란이 확산 되자 “김새론이 성인이 된 후인...",naver_api
AI 가짜뉴스 / 딥페이크 규제,AI 허위정보 확산,"AI 올바른 활용법은?…충북교육청, 윤리기준 설명자료집",https://www.newsis.com/view/NISX20260604_0003656084,newsis.com,2026-06-04,"자료집은 생성형 AI 활용이 빠르게 확산 하는 교육환경 변화에 대응해 학생·교사가 AI 를 올바르게 활용할 수 있는 기준과 실천 방향을 제시한다. 개인 정보 보호, 저작권, 딥페이크, 허위정보 등 학교 현장에서 발생할 수...",naver_api
AI 가짜뉴스 / 딥페이크 규제,AI 허위정보 확산,""" AI 로 보험사기 잡는다""… 정부 ' AI 보험사기 대응 TF' 출범",https://www.insnews.co.kr/news/articleView.html?idxno=91139,insnews.co.kr,2026-06-04,생성형 AI 와 딥페이크 기술을 활용한 서류 위·변조 등 신종 보험사기가 확산 될 가능성에 대비해 보험사기... TF는 한국신용 정보 원의 AI 기반 인슈어테크 플랫폼을 전 보험권 보험사기 방지 통합 인프라로 고도화하는...,naver_api
AI 가짜뉴스 / 딥페이크 규제,AI 허위정보 확산,"충북도교육청, AI 윤리 기준·가이드라인 보급",https://www.inews365.com/news/article.html?no=922120,inews365.com,2026-06-04,"이번 자료는 생성형 AI 활용이 빠르게 확산 되는 교육환경 변화에 대응해 학생과 교사가 AI 를 올바르게 활용할 수 있는 기준과 실천 방향을 제시하기 위해 마련됐다. 자료집은 개인 정보 보호와 저작권, 딥페이크, 허위 정...",naver_api
AI 가짜뉴스 / 딥페이크 규제,AI 허위정보 확산,AI 시대 디지털윤리 알린다…방미통위 공모전 개최,https://www.news1.kr/it-science/general-science/6183518,news1.kr,2026-06-01,"생성형 AI 확산 으로 딥페이크, 허위 조작 정보 , 저작권 침해 우려가 커지면서 디지털윤리 교육의 범위도 단순한 인터넷 예절을 넘어 AI 사용 책임으로 넓어지고 있다. 공모전 접수 기간은 이날부터 10월 2일까지다. 공모...",naver_api
AI 가짜뉴스 / 딥페이크 규제,AI 생성 기사 논란,""" AI 생성 물, 당사자 동의 받아야"" SBS 노사 단협 타결",https://www.mediatoday.co.kr/news/articleView.html?idxno=334848,mediatoday.co.kr,2026-06-01,"조합원의 음성이나 초상 등을 활용한 AI 생성 물을 만들 경우 당사자 동의를 받도록 하고, 퇴직 이후 회사가... 이는 현대차 기사 삭제 사태와 책임자에 대한 솜방망이 징계 논란 속에서 SBS 기자협회가 총회를 통해...",naver_api
AI 가짜뉴스 / 딥페이크 규제,AI 생성 기사 논란,"""진짜 뉴스인 줄 알았다""…선거판 덮친 ' AI 가짜뉴스' 우려",https://www.newsis.com/view/NISX20260529_0003649676,newsis.com,2026-05-31,"31일, 생성 형 인공지능( AI )으로 정교하게 제작된 5·18민주화운동 관련 가짜 신문이 사회관계망서비스(SNS)를 통해 급속히 번지면서 유권자들의 혼란이 극에 달하고 있다. 스타벅스코리아의 '탱크데이' 마케팅 논란 을...",naver_api
AI 가짜뉴스 / 딥페이크 규제,AI 생성 기사 논란,"AI 가 기사 쓰는 시대, 기자의 자리는 어디인가",https://zdnet.co.kr/view/?no=20260601160903,zdnet.co.kr,2026-06-01,기반으로 기사 를 자동 생산하는 '로봇 저널리즘'이 논쟁의 대상이 됐다. 그러나 생성 형 AI 는 차원이 다르다.... 보도에 AI 영상을 사용한 경우는 상당히 이례적이었다. 이 보도는 곧바로 안팎에서 거센 논란 에 휘말렸다....,naver_api
AI 가짜뉴스 / 딥페이크 규제,AI 생성 기사 논란,"""5·18은 북한 지령?""… AI 가짜 기사 에 경찰 강력 대응",http://mbn.mk.co.kr/pages/news/newsView.php?category=mbn00009&news_seq_no=5195440,mbn.mk.co.kr,2026-05-22,유포되며 논란 이 일었습니다. AI 를 이용해 생성 한 것으로 추정되는 이 사진에는 지역 언론사인 광주일보의 제호와 1980년 5월 20일이라는 기사 발행 날짜가 교묘하게 합성됐습니다. 지면에는 '5·18 북에서 지령받은...,naver_api
AI 가짜뉴스 / 딥페이크 규제,AI 생성 기사 논란,[6.3지방선거-경남] 송영기 AI 음성 사용 의혹… 권순기 측 조사 촉구,https://www.newscj.com/news/articleView.html?idxno=3405752,newscj.com,2026-06-02,"여부와 AI 음성 생성 ·합성 기술 사용 여부, 표시 의무 준수 여부를 신속히 확인해야 한다고 요구했다. 현행... 경남 지역 한 인터넷 언론사가 지난 4월 15일 멈춰 선 교실을 바꿀 시간이라는 제목의 칼럼을 게재하면서 기사 ...",naver_api
AI 가짜뉴스 / 딥페이크 규제,딥페이크 선거 가짜뉴스,AI는 선거와 민주주의를 어떻게 흔들고 있나 [스프] - v.daum.net,https://news.google.com/rss/articles/CBMiT0FVX3lxTE9zVkI1OVJuNEFxNTRDVWZVMmtJNEdtZHJCdVl1RTdIT2t4bFlNM3dncFRtZUVXMzZEQU1PRlJkOUdualNCZHNDYXk5U2EtV0k?oc=5,v.daum.net,2026-06-05,AI는 선거와 민주주의를 어떻게 흔들고 있나 [스프] v.daum.net,google_news_rss
AI 가짜뉴스 / 딥페이크 규제,딥페이크 선거 가짜뉴스,"세종경찰청 선거사범 33명 적발…딥페이크 확산·선관위 논란, 지방선거가 남긴 과제 - 대전인터넷신문",https://news.google.com/rss/articles/CBMiU0FVX3lxTE1nUWtpeWRWZHBoV3JxQXV2dXZZQmFnUWJRU2xsNWdWeVhUQm1XUU83eTBRZEJTb3Z3WHlVYkpBRFBiRWtUeEZkQTAzSGVfZEdlSkVN?oc=5,대전인터넷신문,2026-06-04,"세종경찰청 선거사범 33명 적발…딥페이크 확산·선관위 논란, 지방선거가 남긴 과제 대전인터넷신문",google_news_rss
AI 가짜뉴스 / 딥페이크 규제,딥페이크 선거 가짜뉴스,"[사회]경찰, 선거사범 4천여 명 단속...가짜뉴스 사례 최다 - YTN",https://news.google.com/rss/articles/CBMib0FVX3lxTE5HYndEOTBsZWZHdzNianE4aURoLXljX2pyRVAtY2NzdmdZSEdRZ0dNOUhyOVdpR2JTSG9td2hzNTROT2MtQVBvaUlOWXJ0aFBKS1hucG5MSkdwQ0lvbzcyNkEyRF9IMXZheFVqSFpHWQ?oc=5,YTN,2026-06-04,"[사회]경찰, 선거사범 4천여 명 단속...가짜뉴스 사례 최다 YTN",google_news_rss
AI 가짜뉴스 / 딥페이크 규제,딥페이크 선거 가짜뉴스,"대중화한 AI, 손쉽게 만들어지는 가짜뉴스·딥페이크…총력전 벌이는 선관위 [②AI와 6·3지방선거] - 경향신문",https://news.google.com/rss/articles/CBMiWkFVX3lxTE5wS0VadUpQYVY5TFZPeEpsVklwc29IdG1HdjFBMXRjOElWU0JVXzlXaTB0eEFNOWdNWUlVbGF6ZXVXa2RSem84dUpERGdPd0Z1U3lQX2NlY09lZ9IBX0FVX3lxTE5WOXRNcWxsYWswVFlldnBYV2NuT0dSM3Z1Yzc2Z0RneWJiZk1mTXFxM1c3bTEzTkpCWWVhbk53UnRmYXRtRkw1eVYzX2V1NXpHMUd1QW9LYjZ0dk9jQWE0?oc=5,경향신문,2026-05-25,"대중화한 AI, 손쉽게 만들어지는 가짜뉴스·딥페이크…총력전 벌이는 선관위 [②AI와 6·3지방선거] 경향신문",google_news_rss
AI 가짜뉴스 / 딥페이크 규제,딥페이크 선거 가짜뉴스,"경찰, 6·3선거사범 4천여명 적발… 허위·가짜뉴스 유포 32.5% - 연합뉴스",https://news.google.com/rss/articles/CBMiYEFVX3lxTE5mZEIzVDRkaEVRTl9vbU91a3JNM3BSd3JvR1hTczVTMnZiV3l2Y1hBWUVVZUx2THpXX1JIX1pkd1R4UTR2RnZESUs3eXNuUGdRVFFWTDVwcWZ4QnBKNDFScNIBYEFVX3lxTE5mZEIzVDRkaEVRTl9vbU91a3JNM3BSd3JvR1hTczVTMnZiV3l2Y1hBWUVVZUx2THpXX1JIX1pkd1R4UTR2RnZESUs3eXNuUGdRVFFWTDVwcWZ4QnBKNDFScA?oc=5,연합뉴스,2026-06-04,"경찰, 6·3선거사범 4천여명 적발… 허위·가짜뉴스 유포 32.5% 연합뉴스",google_news_rss
AI 가짜뉴스 / 딥페이크 규제,AI 콘텐츠 표시 의무,AI 의사에 속지마세요…광고에 '가상인물' 표시 의무 화,http://www.fnnews.com/news/202605311811510044,fnnews.com,2026-05-31,앞으로 인공지능( AI )으로 만든 가상인물이 등장하는 광고에는 '가상인물' 표시 가 의무 화된다. AI 기술 발달로 실제 사람과 구분하기 어려운 광고 콘텐츠 가 급증하면서 소비자 오인을 막기 위한 규제도 본격화하는 모습이다....,naver_api
AI 가짜뉴스 / 딥페이크 규제,AI 콘텐츠 표시 의무,AI 제작 영화의 경쟁…경기도 ' AI 콘텐츠 어워즈' 막 올린다,https://www.mt.co.kr/policy/2026/06/01/2026060111123776814,mt.co.kr,2026-06-01,생성형 인공지능( AI )로 제작한 영화와 영상 콘텐츠 가 경쟁하는 국내 대표 AI 콘텐츠 축제인 '2026 대한민국... 올해부터 시행된 '인공지능 기본법'의 AI 투명성 표시 기준을 반영해 모든 출품작은 AI 생성 사실을 의무 적...,naver_api
AI 가짜뉴스 / 딥페이크 규제,AI 콘텐츠 표시 의무,[내일을 열며] AI 로 사람 잡기,https://www.kmib.co.kr/article/view.asp?arcid=1780382206&code=11171348&cp=nv,kmib.co.kr,2026-06-03,플랫폼 기업들도 AI 생성물 표시 의무 화와 감지 기술 도입에 나섰다. 하지만 법과 기술만으로는 AI 로 조작된 거짓말을 모두 통제하긴 어렵다. 법이나 기술보다 올바른 콘텐츠 를 생산하고 소비하려는 ‘디지털 시민의식’...,naver_api
AI 가짜뉴스 / 딥페이크 규제,AI 콘텐츠 표시 의무,경기도 '2026 대한민국 AI 콘텐츠 어워즈' 개최,https://www.newspim.com/news/view/20260601000215,newspim.com,2026-06-01,경기도는 생성형 인공지능( AI )을 활용한 영상 콘텐츠 창작 활성화를 위해 '2026 대한민국 AI 콘텐츠 어워즈... 투명성 표시 기준을 적용해 모든 출품작에 AI 생성 사실 표기를 의무 화했다. 영상 내 로고·워터마크 삽입...,naver_api
AI 가짜뉴스 / 딥페이크 규제,AI 콘텐츠 표시 의무,"영국 반독점당국, 구글에 ' AI 콘텐츠 차단권' 설치 명령",http://www.impacton.net/news/articleView.html?idxno=19112,impacton.net,2026-06-05,있도록 표시 해야 한다. 콘텐츠 제공자에게는 생성형 AI 기능 내에서 사용자들의 콘텐츠 참여도를 측정할 수 있는 통계 지표도 의무 적으로 제공해야 한다. 구글의 검색 생태계 총괄 책임자인 므리날리니 로우(Mrinalini...,naver_api
AI 가짜뉴스 / 딥페이크 규제,AI 생성물 워터마크,"카카오, 구글 '신스ID' 워터마크 도입… AI 생성물 추적 강화",http://www.edaily.co.kr/news/newspath.asp?newsid=02696166645450888,edaily.co.kr,2026-05-20,등 AI 생성물 악용에 대응하는 기술로 주목받고 있다. 카카오는 올해 하반기부터 이미지 생성 모델 ‘카나나 콜라주’와 영상 생성 모델 ‘카나나 키네마’에 신스ID 워터마크 를 적용할 예정이다. 우선 카카오톡...,naver_api
전세사기 특별법 / 피해자 구제,전세사기 특별법 개정,"전남도, 전세사기 막는다…예비 임차인 대상 ‘안전계약 컨설팅’ 운영",https://www.segye.com/newsView/20260528504507?OutUrl=naver,segye.com,2026-05-28,전남도 제공 이번 사업은 ‘ 전세사기 피해자 지원 및 주거안정에 관한 특별법 ’ 개정 으로 전세 피해자지원센터의 기능이 대폭 확대됨에 따라 추진됐다. 기존의 사후 피해자 지원 중심에서 계약 전 사전 예방 단계까지...,naver_api
전세사기 특별법 / 피해자 구제,전세사기 특별법 개정,"전남도, 전세사기 예방 ‘안전 계약 컨설팅’ 운영",https://www.seoul.co.kr/news/publicnews/2026/05/28/20260528500065?wlog_tag3=naver,seoul.co.kr,2026-05-28,"전남도와 국토교통부, 주택도시보증공사(HUG), 한국공인중개사협회가 참여하는 이 사업은 ‘ 전세사기 피해자 지원 및 주거안정에 관한 특별법 ’ 개정 으로 전세 피해자지원센터가 임대차계약 전 상담을 수행할 수 있게...",naver_api
전세사기 특별법 / 피해자 구제,전세사기 특별법 개정,"전남도, 전세사기 ‘안전계약 컨설팅’운영",https://biz.heraldcorp.com/article/10758102?ref=naver,biz.heraldcorp.com,2026-05-28,"28일 전남도에 따르면 이 사업은 ‘ 전세사기 피해자 지원 및 주거안정에 관한 특별법 ’ 개정 으로 전세 피해자지원센터가 임대차계약 전 상담을 수행할 수 있게 됨에 따라, 기존 사후 피해자 지원에서 계약 전 사전 예방까지...",naver_api
전세사기 특별법 / 피해자 구제,전세사기 특별법 개정,"전남도, 전세사기 예방 안전계약 컨설팅 운영",https://www.donga.com/news/Society/article/all/20260528/134008173/1,donga.com,2026-05-28,이 사업은 전세 사기 피해자 지원 및 주거 안정에 관한 특별법 개정 으로 전세 피해자지원센터가 임대차계약 전 상담을 수행할 수 있게 됨에 따라 기존 사후 피해자 지원에서 계약 전 사전 예방까지 기능을 확대한 것이다....,naver_api
전세사기 특별법 / 피해자 구제,전세사기 특별법 개정,"“ 전세사기 예방…무료 상담” 전남도, 안전계약 컨설팅 운영",https://www.sedaily.com/article/20049048?ref=naver,sedaily.com,2026-05-28,"전남도 전세사기 피해자지원센터의 한 관계자는 “‘ 전세사기 피해자 지원 및 주거안정에 관한 특별법 ’ 개정 으로 전세 피해자지원센터가 임대차계약 전 상담을 수행할 수 있게 됨에 따라, 기존 사후 피해자 지원에서 계약...",naver_api
전세사기 특별법 / 피해자 구제,전세사기 피해자 구제,"오세훈 ""청년안심주택 전세사기 , 다 해결""…일부 피해자 들 반발",https://www.nocutnews.co.kr/news/6525515?utm_source=naver&utm_medium=article&utm_campaign=20260601101011,nocutnews.co.kr,2026-06-01,"그 이유가 뭡니까?"" 오세훈 후보(국민의힘): "" 전세사기 피해자 를 예산으로 구제 할 수는 없는 것이죠… 청년안심주택은 이미 제도적으로 보완했고, 4만 5천 가구 정도 가운데 보증금 사고는 전체의 1%도 되지 않습니다...",naver_api
전세사기 특별법 / 피해자 구제,전세사기 피해자 구제,전세사기 피해자 구제 ‘힘’ 실린다,https://www.busan.com/view/busan/view.php?code=2026051918195384415,busan.com,2026-05-19,이들 변호사가 전세사기 피해 구제 와 지원을 위한 무료 법률 상담을 지원하는 내용이 핵심이다. 개별 피해자 에게 맞춤형 법률 상담을 진행함으로써 다양한 피해 유형에 보다 효과적으로 대응할 수 있을 것으로 기대된다....,naver_api
전세사기 특별법 / 피해자 구제,전세사기 피해자 구제,"정원오 ""공공임대 13만호· 전세사기 피해 지원…SH 정상화""",https://news.tf.co.kr/read/life/2327148.htm,news.tf.co.kr,2026-05-28,"공공임대주택 13만호 공급과 전세사기 피해 구제 를 비롯해 리모델링 지원, 서울주택도시개발공사(SH) 정상화... 전세사기 피해자 지원 방안도 마련한다. 피해자 에게는 연 200만원 내외의 주거 안정 보조금을 지급한다....",naver_api
전세사기 특별법 / 피해자 구제,전세사기 피해자 구제,대구 전세사기 피해 854억…행정·정치권 대응책 마련 나섰다,https://www.kyongbuk.co.kr/news/articleView.html?idxno=4074209,kyongbuk.co.kr,2026-05-31,"정 태운 대표는 김 후보 캠프에서 전세사기 피해 구제 를 위한 실무자 역할을 맡게 된다. 김 후보가 공약한 1대1 전담 밀착 지원팀 신설, 대구시-경찰청-LH- 피해자 단체가 참여하는 '상설 TF 구축' 등 지자체 차원의 선제적...",naver_api
전세사기 특별법 / 피해자 구제,전세사기 피해자 구제,전세사기 피해자 '사후 구제 '에만 무게…예방책은 여전히 표류중,http://www.edaily.co.kr/news/newspath.asp?newsid=01613766645451216,edaily.co.kr,2026-05-21,2022년 빌라왕 사건을 계기로 전세사기 가 사회적 문제가 되자 정부는 2023년 ‘ 전세사기피해자 지원 및 주거안전에 관한 특별법’( 전세사기 특별법)을 만들어 현재까지 피해자 구제 를 진행하고 있다. 하지만 피해자 ...,naver_api
전세사기 특별법 / 피해자 구제,전세사기 국가 책임,"전세사기 , 이렇게 하면 막을 수 있다 [한경부동산밸류업센터]",https://www.hankyung.com/article/202605296815O,hankyung.com,2026-06-05,"전세사기 는 이제 일부 지역의 특수한 사건이 아닙니다. 수도권 빌라 밀집 지역은 물론 아파트, 오피스텔... 즉, 세입자가 정상적인 계약이라고 믿을 만한 상황이었다면 실제 집주인도 계약 책임 을 부담할 가능성이 있다는...",naver_api
전세사기 특별법 / 피해자 구제,전세사기 국가 책임,"“물고기 지키는 법도 중요…기업들, 민간 법률구조에 더 관심을”",https://www.mk.co.kr/article/12059147,mk.co.kr,2026-05-27,"특히 이태원 참사나 무안공항 참사처럼, 재난 발생 이후 책임 규명 등의 후속 과정에서 피해자나 유가족에게... 그는 “자립준비청년들에게 국가 가 자립 정착금을 지원해도, 사기 나 불법사금융, 전세사기 를 당하면...",naver_api
전세사기 특별법 / 피해자 구제,전세사기 국가 책임,"국힘, 6·3 지방선거 정책공약집 발간…1호 공약 '반값 전세 '",https://www.news1.kr/politics/assembly/6172951,news1.kr,2026-05-20,국민의힘은 주변 시세의 절반 가격에 장기 전세 주택을 공급하는 '반값 전세 '를 6·3 지방선거 1호 공약으로... 일생을 책임 △미래 국가 설계 △함께하는 복지 △살기 좋은 우리 동네 △안전한 울타리 △흔들림 없는 외교...,naver_api
전세사기 특별법 / 피해자 구제,전세사기 국가 책임,전세사기 보증금 받았지만... 이 사람이 계속 활동하는 이유,https://www.ohmynews.com/NWS_Web/View/at_pg.aspx?CNTN_CD=A0003235529&CMPT_CD=P0010&utm_source=naver&utm_medium=newsearch&utm_campaign=naver_news,ohmynews.com,2026-05-20,"공인중개사도 은행도 전세사기 피해에 큰 책임 이 있는데, 과연 민간 스스로 자정작용을 할 수 있는가가 의문이에요. 그렇다면 이제 주거 영역만이라도 국가 가 나서야한다는 생각이 들어요. 집이 재산을 축적하는 기준이...",naver_api
전세사기 특별법 / 피해자 구제,전세사기 국가 책임,"' 전세사기 안전판' HUG 안심 전세 앱, '모바일 어워드' 공공서비스 대상",https://www.nocutnews.co.kr/news/6517630?utm_source=naver&utm_medium=article&utm_campaign=20260515100644,nocutnews.co.kr,2026-05-15,"이번 시상식은 과학기술정보통신부와 문화체육관광부 등이 후원하며, 차별화된 기술력으로 국가 IT... 그간 전세사기 의 사각지대로 꼽혔던 다가구 주택까지 진단 대상을 확대하고, 선순위 보증금과 체납 정보를 한눈에...",naver_api
전세사기 특별법 / 피해자 구제,전세사기 피해자 지원,"""가족이라 괜찮다"" 중개사 말 믿었다가… 전세 금 날릴 위기",https://lawtalknews.co.kr/article/816FYKKXWBUX,lawtalknews.co.kr,2026-06-05,"'피해자 불인정' 통보…단 한 번의 기회, '기망 의도'를 입증하라 벼랑 끝에 몰린 A씨는 정부의 전세사기 피해자 지원 을 받기 위해 문을 두드렸지만, 돌아온 것은 '불인정' 통보였다. 전세사기피해자법상 4호 요건인...",naver_api
전세사기 특별법 / 피해자 구제,전세사기 피해자 지원,"전남도, ' 전세사기 예방' 피해자 지원 상담센터 운영",http://news.lghellovision.net/news/articleView.html?idxno=544062,news.lghellovision.net,2026-05-28,전남 전세사기피해자지원 센터는 예비 임차인의 안전한 계약을 돕고 전세사기 피해를 예방하기 위해 28일부터 무료 상담을 진행합니다. 이 사업은 전세사기피해자 지원 및 주거안정에 관한 특별법 개정으로 기존 사후...,naver_api
전세사기 특별법 / 피해자 구제,전세사기 재정 부담,씨 마른 아파트 전세 …빌라 수요 '급증',https://www.asiatime.co.kr/article/20260603500060,asiatime.co.kr,2026-06-03,"전세 가격 하락보다는 월세 급등 압력 완화와 비아파트 공급 절벽 방지 성격에 가깝다""고 설명했다. 이어 ""한국토지주택공사(LH)의 적극적인 매입 과정에서 일부 부실 사업장이 연명하는 부작용이나 공공 재정부담 ...",naver_api
전세사기 특별법 / 피해자 구제,전세사기 재정 부담,전세 난 대응 나선 정부…비아파트 매입임대 9만호 공급,https://economist.co.kr/article/view/ecn202605220034,economist.co.kr,2026-05-22,정책은 전세 가격 하락보다는 월세 급등 압력 완화와 비아파트 공급 절벽 방지 성격에 가깝다”고 설명했다. 이어 “LH의 적극적인 매입 과정에서 일부 부실 사업장이 연명하는 부작용이나 공공 재정부담 확대 가능성도...,naver_api
전세사기 특별법 / 피해자 구제,전세사기 재정 부담,전세사기 특별법 개정안 통과⋯'최소보장제' 6개월 뒤 시행,http://www.inews24.com/view/1966975,inews24.com,2026-05-10,"당초 국회 논의 과정에서는 보장 비율을 50%까지 높이는 방안도 검토됐으나, 재정 부담 등을 고려해 33... 점도 부담 요인이다. 국토교통부에 따르면 현재까지 인정된 전세사기 피해 건수는 3만8503건에 달한다. 국회는 최근...",naver_api
전세사기 특별법 / 피해자 구제,전세사기 재정 부담,전세사기 ·깡통 전세 ·역 전세 를 ‘구조’로 해부한 정책서 ' 전세 위기의 ...,http://www.wowtv.co.kr/NewsCenter/News/Read?articleId=A202605130364&t=NN,wowtv.co.kr,2026-05-13,"출판사 박영사는 전세사기 , 깡통 전세 , 보증금 미반환, 역 전세 등으로 흔들리는 전세 시스템의 구조적 원인을... 국가 재정 부담 으로 이어질 수 있는 구조적 경제 위기로 바라본다. ‘ 전세 위기의 제도적 해법(내 집 구하는...",naver_api
전세사기 특별법 / 피해자 구제,전세사기 재정 부담,‘ 전세 위기의 제도적 해법(내 집 구하는 법: 제도편)’ 출간,https://dhnews.co.kr/news/view/1065575356606736,dhnews.co.kr,2026-05-06,"출판사 박영사는 전세사기 , 깡통 전세 , 보증금 미반환, 역 전세 등으로 흔들리는 전세 시스템의 구조적 원인을... 국가 재정 부담 으로 이어질 수 있는 구조적 경제 위기로 바라본다. 『 전세 위기의 제도적 해법(내 집 구하는...",naver_api
전세사기 특별법 / 피해자 구제,전세사기 선구제 후회수,""" 전세사기 , 개인의 부주의가 아닌 사회적 재난입니다""",https://www.ohmynews.com/NWS_Web/View/at_pg.aspx?CNTN_CD=A0003233817&CMPT_CD=P0010&utm_source=naver&utm_medium=newsearch&utm_campaign=naver_news,ohmynews.com,2026-05-13,"그래서 참여연대 논의를 통해 만든 것이 선구제 후회수 방안이고, 이를 바탕으로 참여연대 이강훈 변호사님이 전세사기 특별법 제정안을 만드셨어요. 그 안을 가지고 국회를 찾아다니며 설득을 했는데, 전세사기 피해가...",naver_api
전세사기 특별법 / 피해자 구제,전세사기 선구제 후회수,"전세사기 피해자 ' 선구제 후회수 ' 확정...""이재명·민주당은 약속 지킨...",http://www.joseilbo.com/news/news_read.php?uid=563575&class=32&grp=,joseilbo.com,2026-02-26,"당시 정부여당은 '모든 사기 피해자에게 현금 지원을 할 수 없다'면서 형평성 문제 등을 이유로 들었다. 그렇지만 극단적 선택을 하는 피해자들이 늘어났고, 2024년 5월 민주당 등 범야권은 '피해자 선구제 -비용 후회수 ...",naver_api
전세사기 특별법 / 피해자 구제,전세사기 선구제 후회수,"‘ 선구제 후회수 ’ 재검토 속 반복되는 전세사기 , 예방 대책은 ‘제자리...",https://www.etoday.co.kr/news/view/2537047,etoday.co.kr,2025-12-17,선구제 후회수 는 전세사기 피해자에게 공공이 일정 수준의 보상금을 먼저 지급한 뒤 임대인에 대한 구상권 청구나 전세사기 주택의 경·공매를 통해 자금을 회수하는 방식이다. 전세사기 피해자들은 해당 내용을 담은...,naver_api
전세사기 특별법 / 피해자 구제,전세사기 선구제 후회수,"李, 전세사기 ‘ 선구제 후회수 ’ 다시 쏘아 올렸지만…실행 가능성 ‘물...",https://www.dailian.co.kr/news/view/1586350/?sc=Naver,dailian.co.kr,2025-12-16,선구제 후회수 는 전세사기 피해자에게 공공이 일정 수준 먼저 보상하고 후에 임대인에 대한 구상권 청구나 전세사기 주택 경·공매를 통해 회수하는 것을 의미한다. 지난해 5월 21대 국회에서 당시 야당이었던 더불어민주당...,naver_api
전세사기 특별법 / 피해자 구제,전세사기 선구제 후회수,전세사기 ' 선구제 후회수 ' 논의 재점화…실행 가능성은 미지수,http://www.newsprime.co.kr/news/article.html?no=716424,newsprime.co.kr,2025-12-16,"이런 상황에서 정부는 전세사기 피해 회복 대안 가운데 하나로 선구제 후회수 방식의 제도화 가능성을 다시 들여다보고 있다. 지난 12일 국토부 업무보고에서 이재명 대통령이 ""정부가 먼저 지급하고 이후 구상권을...",naver_api
전세사기 특별법 / 피해자 구제,전세사기 청년 피해,전세사기 이후 월세로 몰린 청년 들…대안은 기관임대?,http://www.dailypop.kr/news/articleView.html?idxno=99395,dailypop.kr,2026-06-05,실제 전세사기 피해 는 20~30대 청년 층과 보증금 2억원 이하 비아파트 거주자에게 집중됐다. 자본시장연구원이 발간한 '비아파트 월세시장 안정화와 기관투자자의 역할' 보고서는 전세사기 이후 비아파트 전세 수요가...,naver_api
전세사기 특별법 / 피해자 구제,전세사기 청년 피해,"‘성실하게 망해버린’ 청년 들의 구제, 국가의 의무다[책과 삶]",https://www.khan.co.kr/article/202606042032005,khan.co.kr,2026-06-04,"2억원의 전세사기 를 당한 사회초년생 부부의 삶이 어떻게 서로에 대한 원망으로 망가지는지, 학자금 대출을... 빚에 허덕이는 청년 은 쉽게 사기 범죄의 표적이 된다. 완전무결한 피해 자만 있는 건 아니다. 사설 생활비...",naver_api
전세사기 특별법 / 피해자 구제,전세사기 청년 피해,결혼 앞 현실수업에 몰린 대덕 청년 들,https://www.ccdailynews.com/news/articleView.html?idxno=2419918,ccdailynews.com,2026-06-03,"지난 1일 한남대학교 평생교육원에서 개강한 이번 과정은 저출생 대응을 선언에 머물게 하지 않고, 청년 ... 개인이 알아야 할 부동산 세금, 전세사기 피해 예방법, 부부 간 소통과 생활 갈등 관리, 임신 준비와 건강관리...",naver_api
6·3 지방선거 투표용지 부족 / 선거관리 논란,6.3 지방선거 투표용지 부족,與 “ 투표용지 부족 사태 국정조사 추진할 것”,https://www.chosun.com/politics/assembly/2026/06/05/EB3PO77NEJCAPBJWZSEAU4UD6I/?utm_source=naver&utm_medium=referral&utm_campaign=naver-news,chosun.com,2026-06-05,"더불어민주당 한병도 원내대표는 5일 6.3 지방선거 투표용지 부족 사태와 관련, 국회 차원의 국정조사를 진행하겠다고 밝혔다. 이날 한 원내대표는 기자들과 만나 “이번 투표용지 부족사태는 이해도, 납득도 가지 않고...",naver_api
6·3 지방선거 투표용지 부족 / 선거관리 논란,6.3 지방선거 투표용지 부족,"민주당 "" 투표용지 사태 국정조사 하겠다...선관위 개혁 과감히 추진""",https://www.mt.co.kr/politics/2026/06/05/2026060517395727263,mt.co.kr,2026-06-05,"더불어민주당이 6.3 전국동시 지방선거 당일 발생한 투표용지 부족 사태에 대한 국정조사를 추진한다. 한병도 민주당 원내대표는 5일 기자들과 만나 ""이번 사태에 대한 국정조사를 추진하는 한편 선관위가 국민 신뢰를 받을...",naver_api
6·3 지방선거 투표용지 부족 / 선거관리 논란,6.3 지방선거 투표용지 부족,"野 김재섭 ""' 투표용지 부족 사태' 특검 해야…李 대통령 왜 가만히 있나...",https://news.tvchosun.com/site/data/html_dir/2026/06/05/2026060590146.html,news.tvchosun.com,2026-06-05,"국민의힘 김재섭 의원이 5일 6.3 지방선거 투표용지 부족 사태와 관련해 ""단순히 선거무효소송 등을 살필 것이 아니라 특검을 통해 그 원인을 분명하게 밝혀야 한다""고 주장했다. 김 의원은 이날 페이스북에 글을 올려 ""이번...",naver_api
6·3 지방선거 투표용지 부족 / 선거관리 논란,6.3 지방선거 투표용지 부족,"李, 투표용지 부족 사태에 ""이유 밝히고 명확히 책임 물어야""[영상]",https://www.nocutnews.co.kr/news/6528073?utm_source=naver&utm_medium=article&utm_campaign=20260604051245,nocutnews.co.kr,2026-06-04,"4일 6.3지방선거 에서 발생한 투표용지 부족 사태에 대해 ""관계기관은 행정부가 가진 권한과 책임을 모두 사용해서 문제 발생 이유를 명확하게 밝히고, 또 책임질 것이 있다면 명확하게 책임을 물어야 되겠다""고 밝혔다. 이...",naver_api
6·3 지방선거 투표용지 부족 / 선거관리 논란,6.3 지방선거 투표용지 부족,"나경원 ""이겼다고 투표용지 부족 넘어가선 안돼… 재 선거 해야""",https://www.busan.com/view/busan/view.php?code=2026060514572182762,busan.com,2026-06-05,"국민의힘 나경원 의원이 6.3 지방선거 투표용지 부족 사태에 대해 ""유권자의 주권을 원천 침해한 선거 무효 사유에 해당할 만큼 중대한 하자""라며 재선거를 주장했다. 앞서 6·3 지방선거 본투표일인 지난 3일 서울 강남구...",naver_api
6·3 지방선거 투표용지 부족 / 선거관리 논란,지방선거 투표용지 부족 사태,"노태악 선관위원장 ' 투표 지 사태 '에 사의 표명…""책임 통감""",https://www.yna.co.kr/view/AKR20260605117800001?input=1195m,yna.co.kr,2026-06-05,외부전문가로 구성된 진상규명위 설치키로…사무총장도 사의 김정진 정연솔 기자 = 노태악 중앙선거관리위원장이 6·3 지방선거 투표용지 부족 사태 와 관련해 5일 사의를 표명했다. 노 위원장은 이날 오후 과천청사에서...,naver_api
6·3 지방선거 투표용지 부족 / 선거관리 논란,지방선거 투표용지 부족 사태,"선관위 "" 투표용지 부족 사태 총 50곳… 투표 중지는 22곳서 발생""",https://www.newsis.com/view/NISX20260605_0003658380,newsis.com,2026-06-05,중앙 선거 관리위원회는 지난 6·3 지방선거 및 국회의원 재보궐 선거 전국 1만4288개 투표 소 중 투표용지 부족 사태 가 일어난 투표 소는 50개소로 파악했다고 5일 밝혔다. 중앙선관위는 이날 오후 경기 과천 중앙선관위에서...,naver_api
6·3 지방선거 투표용지 부족 / 선거관리 논란,지방선거 투표용지 부족 사태,노태악 선관위원장 사퇴 “ 투표용지 부족 사태 송구”,https://www.joongang.co.kr/article/25434253,joongang.co.kr,2026-06-05,그는 “지난 6월 3일 실시된 제9회 전국동시 지방선거 시 일부 지역의 투표 소에서 발생한 투표용지 부족 사태 로 국민께 심려를 끼쳐 송구스러운 마음을 금할 길이 없다”며 “국민에게 심려를 끼친 점 다시 한번 머리 숙여...,naver_api
6·3 지방선거 투표용지 부족 / 선거관리 논란,지방선거 투표용지 부족 사태,"노태악 선관위원장, 투표용지 부족 사태 에 '사의 표명'‥""책임 통감""",https://imnews.imbc.com/news/2026/politics/article/6828037_36911.html,imnews.imbc.com,2026-06-05,"노태악 중앙선거관리위원장이 지방선거 투표용지 부족 사태 에 책임을 지고 사의를 표명했습니다. 노 위원장은 오늘 오후 경기도 과천 중앙선관위 청사에서 대국민 사과를 통해 ""모든 사태에 대한 책임을 통감한다""며...",naver_api
6·3 지방선거 투표용지 부족 / 선거관리 논란,6.3 지방선거 선관위 사과,'사전투표보다 본투표 선호' 보수층 몰렸는데... 선관위 예측 실패 [오마...,https://www.ohmynews.com/NWS_Web/View/at_pg.aspx?CNTN_CD=A0003240773&CMPT_CD=P0010&utm_source=naver&utm_medium=newsearch&utm_campaign=naver_news,ohmynews.com,2026-06-05,2026년 6.3 전국동시 지방선거 서울시 송파구 동별 선거 인 수 대비 선거 일투표수 비율. 송파구 선관위 가... 6개동은 40% 미만 ▲ 노태악 중앙 선거 관리위원장 대국민 사과 노태악 중앙 선거 관리위원장이 5일 경기도...,naver_api
6·3 지방선거 투표용지 부족 / 선거관리 논란,6.3 지방선거 선관위 사과,"선관위 , 이번에는 홍어 연상 CG 논란‥KBS ""개표방송에도 송출, 사과 """,https://imnews.imbc.com/replay/2026/nwdesk/article/6828083_37004.html,imnews.imbc.com,2026-06-05,"제지없이 선관위 유튜브 채널에 올라가 있었습니다. 심지어 KBS는 TV 개표방송에도 이 영상을 사용했는데, 파문이 커지자 결국 공개 사과 했습니다. [KBS 뉴스9 (어제)] ""어제 지방선거 개표방송 중에 특정 지역을 비하하는...",naver_api
6·3 지방선거 투표용지 부족 / 선거관리 논란,6.3 지방선거 선관위 사과,"""용지 없다"" 단톡방 아우성인데… 선관위 관계자 '충격' 답변",https://news.jtbc.co.kr/article/NB12301785?influxDiv=NAVER,news.jtbc.co.kr,2026-06-05,"[기자] 6.3 지방선거 당일, 투표소에 투표사무원으로 파견된 공무원들과 선관위 직원들의 단체 대화방입니다.... [박중배/전국공무원노동조합 대변인 : 동사무소 공무원들한테, 지방 공무원들한테 사과 와 책임있는 자세를...",naver_api
6·3 지방선거 투표용지 부족 / 선거관리 논란,6.3 지방선거 선관위 사과,"정의당 "" 선관위 , 부정 선거 음모론자들에게 최악의 빌미 제공…노태악 사...",https://www.newsis.com/view/NISX20260604_0003656427,newsis.com,2026-06-04,박세은 인턴 기자 = 정의당이 6.3 지방선거 의 투표용지 부족 사태와 관련해 노태악 중앙 선거 관리위원장의... 초유의 사태에 노 위원장의 입장을 없고 허철훈 선관위 사무총장만 자기 책임이라며 사과 를 한 것에 대해서도...,naver_api
6·3 지방선거 투표용지 부족 / 선거관리 논란,6.3 지방선거 선관위 사과,"선관위 “투표지 부족, 재 선거 사유 아니다”…국민의힘 요구 일축",https://www.segye.com/newsView/20260604503541?OutUrl=naver,segye.com,2026-06-04,중앙 선관위 “개표 중단 불가” 공식 입장 국민의힘이 6.3 지방선거 막판에 발생한 투표용지 부족 사태에... 깊이 사과 드린다”면서도 “일부 투표소의 투표용지 부족으로 발생한 이번 사안은 공직 선거 법에 따른 선거 의...,naver_api
6·3 지방선거 투표용지 부족 / 선거관리 논란,지방선거 참정권 침해,"노태악 선관위원장 사의 표명…"" 참정권 침해 , 변명 여지 없다""",http://weekly.chosun.com/news/articleView.html?idxno=52278,weekly.chosun.com,2026-06-05,"중앙 선거 관리위원장으로서 참담함과 함께 무한한 책임감을 느낀다""고 밝혔다. 노 위원장은 "" 참정권 이라는 국민의 소중한 권리를 침해 하는, 있어서는 안 될 일이 발생한 것에 대해서는 변명의 여지가 없다""며 ""다시는 이런...",naver_api
6·3 지방선거 투표용지 부족 / 선거관리 논란,지방선거 참정권 침해,노태악 중앙선관위원장·허철훈 사무총장 사의 표명,https://www.hankyung.com/article/2026060500037,hankyung.com,2026-06-05,"이어 "" 선거 관리에 대한 국민 신뢰를 훼손해 선거 과정에 대한 불신으로 이어지는 상황에 대해 위원장으로 참담함과 무한한 책임감을 느낀다""며 "" 참정권 이라는 국민의 소중한 권리를 침해 하는 있어서는 안 될 일이 발생한...",naver_api
6·3 지방선거 투표용지 부족 / 선거관리 논란,지방선거 참정권 침해,노태악 중앙 선거 관리위원장 사퇴 “ 참정권 침해 변명의 여지 없어…책임...,https://biz.chosun.com/policy/politics/2026/06/05/WKPXJ4UXTVH57IGV4RCRHJH2JY/?utm_source=naver&utm_medium=original&utm_campaign=biz,biz.chosun.com,2026-06-05,"중앙 선거 관리위원장으로서 참담함과 함께 무한한 책임감을 느낀다”고 밝혔다. 노 위원장은 “ 참정권 이라는 국민의 소중한 권리를 침해 하는, 있어서는 안 될 일이 발생한 것에 대해서는 변명의 여지가 없다”며 “다시는...",naver_api
6·3 지방선거 투표용지 부족 / 선거관리 논란,지방선거 참정권 침해,"경찰, 선관위 '투표용지 부족' 사태 수사 착수…8일 고발인 조사",https://www.newsis.com/view/NISX20260605_0003657905,newsis.com,2026-06-05,제9회 전국동시 지방선거 사전투표 과정에서 발생한 투표용지 부족 사태와 관련해 경찰이 고발 사건을... 유권자들의 참정권 이 침해 됐다며 선거 당일인 지난 3일 노 선관위원장 등을 고발하고 전날 업무상 횡령·배임 혐의를...,naver_api
6·3 지방선거 투표용지 부족 / 선거관리 논란,지방선거 참정권 침해,"노태악 선관위원장 사의 표명…""투표용지 부족 사태, 참정권 침해 """,https://www.sidae.com/article/2026060516215579750,sidae.com,2026-06-05,"노태악 중앙 선거 관리위원장이 6·3 지방선거 투표용지 부족 사태에 대해 책임을 지고 사의를 표명했다.... 노 위원장은 5일 경기 과천 중앙선관위에서 대국민 사과문을 통해 "" 참정권 이라는 국민의 소중한 권리를 침해 하는...",naver_api
6·3 지방선거 투표용지 부족 / 선거관리 논란,투표용지 부족 개표 중단,"' 용지 부족 ' 잠실7동 투표 함, 시위대 봉쇄 35시간 만에 개표 소로(종합3보...",https://www.yna.co.kr/view/AKR20260605017354004?input=1195m,yna.co.kr,2026-06-05,투표용지 가 부족 해진 상황에 대처하려 새로 확보한 용지 수를 실시간으로 적어둔 현장 메모도 발견됐다. 시위대는 투표용지 가 동나 투표 가 일시 중단 되는 초유의 사태가 벌어졌으니 공정 선거를 위해서는 개표 작업이...,naver_api
6·3 지방선거 투표용지 부족 / 선거관리 논란,투표용지 부족 개표 중단,“ 투표용지 부족 50곳… 22곳에선 투표 중지”,https://www.kmib.co.kr/article/view.asp?arcid=1780651698&code=11121100&cp=nv,kmib.co.kr,2026-06-05,노태악 중앙선거관리위원장이 6·3 지방선거 투표용지 부족 사태와 관련해 사의를 표명했다. 경찰은... 이 과정에서 시위대는 송파구 개표 소까지 쫓아가 “ 개표 중단 ”을 요구하며 경찰과 대치했다. 시위대는 경찰 비공식...,naver_api
6·3 지방선거 투표용지 부족 / 선거관리 논란,투표용지 부족 개표 중단,용지 부족 투표 소 50곳 달해…“비상 매뉴얼도 없었다”,https://www.sedaily.com/article/20052400?ref=naver,sedaily.com,2026-06-05,투표 가 일시 중단 됐다가 재개된 투표 소도 22곳에 달했다. 선관위는 “ 투표용지 부족 상황이 발생했을 때... 제2 투표 소의 투표 함 2개는 이날 오전 경찰에 의해 반출돼 개표 가 완료됐다. 오전 10시부터 올림픽공원...,naver_api
6·3 지방선거 투표용지 부족 / 선거관리 논란,투표용지 부족 개표 중단,"사상 초유 ' 투표용지 부족 '에…전국 대학생들 ""강력 규탄""(종합)",https://www.newsis.com/view/NISX20260605_0003658206,newsis.com,2026-06-05,"앞서 지난 3일 오후 6시20분 기준 서울 송파구 12곳, 강남구 1곳, 광진구 1곳 등 총 14개 투표 소에서 투표용지 부족 사태가 발생했다. 대기하던 일부 유권자들은 투표 를 포기했고, 잠실7동 제2 투표 소에서는 개표 중단 과...",naver_api
6·3 지방선거 투표용지 부족 / 선거관리 논란,투표용지 부족 개표 중단,"' 투표 중단 ' 송파구·선관위 단톡방서 ""오후 2시부터 투표용지 부족 """,https://news.sbs.co.kr/news/endPage.do?news_id=N1008596928&plink=ORI&cooper=NAVER,news.sbs.co.kr,2026-06-05,"개표 소인 올림픽공원 핸드볼경기장에 도착하고 있다 제 9회 전국동시지방선거일인 지난 3일 투표용지 부족 ... 용지 추가 수령이 가능하냐""고 문의했습니다. 그러다 오후 4시를 넘어서면서는 투표 소마다 투표 가 중단 됐다...",naver_api
6·3 지방선거 투표용지 부족 / 선거관리 논란,투표용지 부족 재선거 요구,"'봉쇄 사태' 잠실 투표 소 투표용지 , 선거인 대비 49%만 준비 정황",https://www.yna.co.kr/view/AKR20260605054700004?input=1195m,yna.co.kr,2026-06-05,"제기하며 재선거 를 요구 했고, 여기에 부정선거를 주장하는 시위대가 몰리며 이른바 2박 3일간의 '봉쇄 사태'로 이어졌다. 중앙선관위는 이번 지방선거를 앞두고 선거인 수의 60∼70%였던 본 투표 용 투표용지 최소 인쇄...",naver_api
6·3 지방선거 투표용지 부족 / 선거관리 논란,투표용지 부족 재선거 요구,노태악 선관위원장 사의…“ 투표용지부족 사태 책임 통감”,https://www.donga.com/news/Politics/article/all/20260605/134057167/2,donga.com,2026-06-05,"하지만 이번에 벌어진 투표용지 부족 사태는 선거 공정성 훼손 및 국민 참정권 침해 논란까지 파장이 확대됐고, 야당에서는 개표 중단 및 재선거 까지 요구 하자 노 위원장이 버티지 못했다. 노 위원장은 이번 사건과...",naver_api
6·3 지방선거 투표용지 부족 / 선거관리 논란,투표용지 부족 재선거 요구,"올림픽공원 개표소 봉쇄한 시위대, ' 재선거 ' 요구 하며 시민 감금까지[르...",https://www.edaily.co.kr/news/newspath.asp?newsid=07343926645478768,edaily.co.kr,2026-06-05,6·3 지방선거 투표용지 부족 사태를 계기로 촉발된 ‘부정선거 주장’ 시위가 개표소 앞까지 이어졌다. 올림픽공원 핸드볼경기장을 점거한 시위대 수는 2000명까지 늘어났다. 부정선거 음모론을 주장하며 재선거 를 요구 하...,naver_api
6·3 지방선거 투표용지 부족 / 선거관리 논란,투표용지 부족 재선거 요구,"선관위, 국민의힘 요구 일축…"" 투표용지 부족 , 선거연기· 재선거 사유 아...",https://news.tvchosun.com/site/data/html_dir/2026/06/04/2026060490026.html,news.tvchosun.com,2026-06-04,"중앙선거관리위원회가 4일 투표용지 부족 사태 관련 국민의힘의 재선거 요구 에 대해 ""공직선거법에 따른 선거의 연기나 재선거 사유에 해당하지 않는다""고 일축했다. 중앙선관위는 이날 새벽 긴급 회의를 한 뒤 입장문을...",naver_api
6·3 지방선거 투표용지 부족 / 선거관리 논란,송파구 투표용지 부족,"선관위 "" 투표용지 모자라 더 보낸 투표 소 67곳…송파에만 15곳""(종합)",https://www.yna.co.kr/view/AKR20260605129151001?input=1195m,yna.co.kr,2026-06-05,"투표용지 부족 사태가 가장 많이 발생한 송파구 와 관련해서는 ""사전 투표 율이 23.3%였기 때문에 최종 투표 율이 66% 정도인 것을 감안할 때 송파구 전체로는 투표용지 가 부족 하지 않았다""며 "" 송파구 관내에 있는 146개...",naver_api
6·3 지방선거 투표용지 부족 / 선거관리 논란,송파구 투표용지 부족,선관위 “실제 투표용지 부족 송파구 14개 등 50개소” [지금뉴스],https://news.kbs.co.kr/news/pc/view/view.do?ncd=8579048&ref=A,news.kbs.co.kr,2026-06-05,그런데 최종 투표 율이 66% 정도인 점을 감안할 때 송파구 전체적으로는 투표 용지 가 부족 하지 않았지만 송파구 관내에는 146개의 투표 소가 있습니다. 그래서 투표 소마다 선거일 투표 자 수의 편차가 있어서 일부...,naver_api
